cSMILES,activity
C=C1CC[C@H]2C[C@@H]1C2(C)C,12.3
COC(=O)C(C)Oc1ccc(Oc2ccc(Cl)cc2Cl)cc1,94.1
CCCCCCCCCCCCCC(=O)OCC(O)CO,38.1
CC(=O)O[C@@H]1C[C@@H]2CC[C@@]1(C)C2(C)C,11.8
CCCCCCCCCC=CCC1CC(=O)OC1=O,98.4
CCC/C=C/C=O,52.2
Cc1cc(C)n(CO)n1,32.8
CC/C=C\CCOC(C)=O,14.0
CCCCC/C=C\CCC=O,69.6
C/C=C/C=C/CCCCCCCO,61.9
CC(C)=CCC[C@H](C)CCO,38.8
CC/C=C\CCO,19.0
Cc1cccc(Nc2cc(Cl)nc(SCC(=O)O)n2)c1C,94.3
Clc1ccc(C(c2ccccc2Cl)C(Cl)Cl)cc1,28.0
CC1(C)C(=O)NC(=O)N1CO,3.9
COc1ccc2c(c1)c(CC(=O)O)c(C)n2C(=O)c1ccc(Cl)cc1,101.7
CCO[Si](CCCNC(N)=O)(OCC)OCC,-29.5
CC(O)CN,5.5
CC1(C)C(=O)N(Cl)C(=O)N1Br,33.5
FC(F)(F)c1ccc(Cl)cc1,8.9
O=[N+]([O-])c1ccc(Cl)cc1,28.0
CCCCCCCCCCN,10.1
CCCCCCCCCCO,69.5
CCCCCCCCCCCCS,5.1
CCCCCCCCCCCCO,71.3
CCCCCCCCCCCCN1CCCC1=O,29.7
CCOCC(C)O,3.0
CCCCCCCCCCCCCCCCO,-22.4
CCCCCCO,10.5
COCC(C)O,7.9
CCC(C)(C)C1CCC(OC)CC1,34.2
Cn1cc(-c2ccccc2)c(=O)c(-c2cccc(C(F)(F)F)c2)c1,23.8
Cc1cccc2ccccc12,24.8
CCCCCCCCCCCC(=O)OCC(O)CO,52.4
O=C(O)Cc1cccc2ccccc12,63.0
Oc1cccc2ccccc12,90.3
CCCCCCCCO,35.1
C=CC(O)CCCCC,14.7
CCCCCCCCN1CCCC1=O,19.5
CC(O)COc1ccccc1,9.9
O=C1C=CC(=O)N1c1ccccc1,55.0
NC(=O)Nc1ccccc1,11.8
CCCOCC(C)O,6.4
C=CCCCCCCCCCCCC,9.6
CCCCCCCCCCCCCO,46.3
Cc1ccc(C(C)c2ccc(C)c(C)c2)cc1C,41.1
C[SiH](O[Si](C)(C)C)O[Si](C)(C)C,10.6
CC(O)CN(CCN(CC(C)O)CC(C)O)CC(C)O,3.3
c1cnc2c(c1)ccc1cccnc12,46.1
O=Cc1ccccc1C=O,98.0
CC(C)CCCCCCCOC(=O)c1ccccc1C(=O)OCCCCCCCC(C)C,-5.7
CCCCCCCCCCCCOC(=O)c1ccccc1C(=O)OC[C@H](CCC)[C@@H](CC)CCC,6.1
Oc1ccccc1O,34.4
BrCCBr,13.4
FC(F)(F)c1ccc(Cl)c(Cl)c1,8.3
Clc1ccccc1Cl,20.8
Cc1cccc([N+](=O)[O-])c1C,56.0
O=[N+]([O-])c1ccccc1[N+](=O)[O-],60.9
c1ccc(OCCOc2ccccc2)cc1,23.4
O=C(Cc1ccccc1)c1ccccc1,63.1
NCCN,13.4
CCCCOC(O)CC,10.2
CC(O)CO,-6.8
O=C1NC(=O)C2CC=CCC12,5.3
Clc1ccc(Cl)c(Cl)c1,7.5
Cc1ccc(C)c(C)c1,17.8
Clc1cc(Cl)c(Cl)cc1Cl,1.5
Cc1cc(C)c(C)cc1C,14.1
O=C(Cl)c1cccc(C(=O)Cl)c1,36.8
CC(O)CCO,-5.8
C1=CCC=C1,10.9
Clc1cc(Cl)c2c(c1)N=C1CCCCCN1C2,8.2
Clc1cccc(Cl)c1,6.5
O=[N+]([O-])c1cccc([N+](=O)[O-])c1,11.1
O=C(CC(=O)c1ccccc1)c1ccccc1,71.3
CCN1CN(CC)CN(CC)C1,0.2
CC(C)c1cc(C(C)C)cc(C(C)C)c1,-31.8
C=C[Si]1(C)O[Si](C)(C=C)O[Si](C)(C=C)O[Si](C)(C=C)O1,99.7
Nc1ccc(N)cc1,108.1
O=C(O)C1CCC(C(=O)O)CC1,20.8
Nc1ccc(N)c2c1C(=O)c1ccccc1C2=O,69.5
Clc1ccc(Cl)cc1,-12.7
Cc1ccc(C)c2ccccc12,55.0
C1=C/CC/C=C/CC/C=C/CC/1,10.5
NCCCCCCN,-5.1
CC12CCC(CC1)C(C)(C)O2,12.9
OC(=O)CCCCCCCCC=C,92.6
CCCCCC(=O)O[C@]1(C(C)=O)CC[C@H]2[C@@H]3CCC4=CC(=O)CC[C@]4(C)[C@H]3CC[C@@]21C,29.0
C[C@]12CC[C@@H]3c4ccc(O)cc4CC[C@H]3[C@@H]1CC[C@H]2O,46.8
C#C[C@]1(O)CCC2C3CCc4cc(O)ccc4C3CC[C@@]21C,87.9
CC(=O)[C@@]1(O)CC[C@H]2[C@@H]3CCC4=CC(=O)CC[C@]4(C)[C@H]3CC[C@@]21C,13.9
C[C@]12CCC3c4ccc(O)cc4CCC3C1CC[C@@H]2O,55.8
CCCCOCCOCCO,8.7
Cc1cc(Cl)ccc1OCC(=O)O,79.4
CCNCCO,5.4
CC(Oc1cccc(Cl)c1)C(=O)O,38.8
OCCC(F)(F)C(F)(F)C(F)(F)C(F)(F)C(F)(F)C(F)(F)F,56.8
C=C(C)C(=O)OCCC(F)(F)C(F)(F)C(F)(F)C(F)(F)C(F)(F)C(F)(F)F,9.4
CCOCCOCCOCCO,6.6
COCCOCCOCCO,6.1
O=C(CBr)c1ccc(O)cc1,104.3
CCC(C)=NO,-0.8
CCCCOCCOC(C)=O,8.3
OCC#CCO,11.1
Oc1ccc(-c2ccccc2)cc1Cl,105.7
O=CCCl,8.7
O=C(CCl)c1ccccc1,26.0
OCCCl,10.2
CCCCC(CC)CO,8.6
CCCC(O)C(CC)CO,5.3
CCCC=C(C=O)CC,23.2
CCc1cccc(C)c1N,30.3
CCCCC(CC)C(=O)O,-8.2
CCCCC(CC)COC(C)=O,10.1
CCCCC(CC)COP(=O)(Oc1ccccc1)Oc1ccccc1,53.1
CCCCC(CC)COC(=O)CS,58.7
CCc1ccccc1O,68.1
CCCCCC(C)=O,13.4
COc1ccc(C(=O)c2ccccc2)c(O)c1,98.3
CC(=O)c1ccccc1O,19.1
C=CC(=O)OCCO,17.1
CCCCCCCCSCCO,75.0
Sc1nc2ccccc2s1,101.0
COc1ccc(C)cc1N,37.4
COCCO,23.3
COc1ccccc1O,52.3
CC(O)CC(C)(C)O,13.1
Cc1ccccc1N,30.1
Cc1ccccc1N,39.0
CCC(C)COC(=O)CC(C)C,1.6
CC(C#N)CCC#N,0.2
CC(C)C#N,4.9
Nc1ccccc1[N+](=O)[O-],95.2
CCCCCCCCCCC(CO)CCCCCCCC,14.0
CCCC(C)=O,11.9
OCCOc1ccccc1,3.3
OCCc1ccccc1,7.4
O=C(OCCc1ccccc1)c1ccccc1,91.9
Oc1ccccc1-c1ccccc1,91.7
CCCOCCO,3.0
O=C1CCCN1,13.1
CCC(C)C1CCCCC1=O,9.9
CCc1ccc(O)c(C(C)(C)C)c1,87.9
Cc1ccc(C(C)(C)C)c(O)c1,66.2
CCCCCCCCCC(C)=O,15.8
N#CC(Br)(Br)C(N)=O,25.8
Oc1ccccc1Cc1ccccc1O,100.9
Cc1cc(Cc2cc(C)cc(C(C)(C)C)c2O)c(O)c(C(C)(C)C)c1,52.3
CCc1cc(Cc2cc(CC)cc(C(C)(C)C)c2O)c(O)c(C(C)(C)C)c1,39.3
CC(C)(c1cc(Cl)c(O)c(Cl)c1)c1cc(Cl)c(O)c(Cl)c1,105.2
Cc1cccc(O)c1C,67.6
Cc1cccc([N+](=O)[O-])c1[N+](=O)[O-],58.0
CC(C)(c1ccccc1)c1ccc(O)c(C(C)(C)c2ccccc2)c1,97.6
CC(C)Nc1nc(Cl)nc(NC(C)C)n1,30.1
O=C([O-])COc1ccc(Cl)cc1Cl,90.5
CCCCOCCOC(=O)COc1ccc(Cl)cc1Cl,71.8
O=C(O)COc1ccc(Cl)cc1Cl,86.7
O=C(O)CCCOc1ccc(Cl)cc1Cl,99.4
O=C(c1ccccc1)c1ccc(O)cc1O,107.0
O=[N+]([O-])c1ccc(O)c([N+](=O)[O-])c1,108.4
Cc1ccc([N+](=O)[O-])cc1[N+](=O)[O-],74.7
OC1=C(Cl)C=C(Cl)C(Cl)=C1,103.4
O=C(O)COc1cc(Cl)c(Cl)cc1Cl,97.1
Oc1c(Br)cc(Br)cc1Br,105.0
Oc1c(Cl)cc(Cl)cc1Cl,100.0
Cc1cc(C)c(C(=O)O)c(C)c1,35.7
Cc1cc(C)c(O)c(C)c1,81.7
C=CCOc1nc(OCC=C)nc(OCC=C)n1,29.3
Oc1cc(Cl)ccc1Cl,105.0
CC(C)(C)OOC(C)(C)CCC(C)(C)OOC(C)(C)C,10.0
CC(C)(C)c1cccc(C(C)(C)C)c1O,30.0
N#Cc1c(Cl)cccc1Cl,77.7
CCc1cccc(CC)c1N,16.2
CN(C)CCCN,11.3
CCO[Si](CCCN)(OCC)OCC,-19.3
CCc1cccc(O)c1,59.3
Oc1ccc2c(c1)-c1ccccc1C2,85.3
CC(C)c1cccc(O)c1,78.9
CC(=O)OCCC(C)C,-18.7
Cc1cccc([N+](=O)[O-])c1,30.1
COCCOCCC[Si](C)(O[Si](C)(C)C)O[Si](C)(C)C,33.6
O=C(O)c1cccc(Oc2ccccc2)c1,98.8
CCCC(CC)c1ccccc1,8.8
N#Cc1cccnc1,5.5
CC(C)(C)c1cccc(O)c1,81.7
CC1CC(O)CC(C)(C)C1,9.8
CC1CC(OC(=O)c2ccccc2O)CC(C)(C)C1,68.6
Cc1cc(-c2ccc(N)c(C)c2)ccc1N,105.7
Cc1cc(-c2ccc(N)c(C)c2)ccc1N,107.7
CC(C)(c1cc(Br)c(O)c(Br)c1)c1cc(Br)c(O)c(Br)c1,105.8
C1=COCCC1,12.7
Nc1cc(Cl)cc(Cl)c1,93.5
CC(CCO)CC(C)(C)C,28.5
CCCCOCCOCCOCCOCCO,5.2
CC(C)=CCCC(C)=CC=O,33.5
CCC(C)(O)CCCC(C)C,11.3
CCC(C)(CCCC(C)C)OC(C)=O,9.6
Cc1cn([C@H]2C[C@H](N=[N+]=[N-])[C@@H](CO)O2)c(=O)[nH]c1=O,2.0
CC(C)(C)c1ccc(O)cc1,67.1
CC(C)(C)CC(C)(C)c1ccc(O)cc1,94.7
CCC(C)(C)c1ccc(O)cc1,91.2
CC(=O)C=CC1=C(C)CCCC1(C)C,19.8
N#CC(CCc1ccc(Cl)cc1)(Cn1cncn1)c1ccccc1,22.8
CCC(C)c1ccc(O)cc1,97.5
CCC(C)(C)C1CCC(=O)CC1,19.8
Nn1cnnc1,4.6
Nc1ccc(C(=O)O)cc1,-5.9
CCOCn1c(-c2ccc(Cl)cc2)c(C#N)c(Br)c1C(F)(F)F,94.6
CCCCc1ccc(Cl)cc1,15.3
Cc1ccc(-c2c(Cl)nc(C#N)n2S(=O)(=O)N(C)C)cc1,103.3
Cc1cc(O)ccc1Cl,85.8
Clc1ccc(C(Cl)(Cl)Cl)cc1,98.8
Oc1ccc(Cl)cc1,55.3
O=C(O)COc1ccc(Cl)cc1,34.8
NC(=O)Nc1ccc(Cl)cc1,19.0
CC(C)(c1ccccc1)c1ccc(O)cc1,103.1
O=C1CCC(C2CCCCC2)CC1,53.6
CCCCCCCCCCCCN1CCOCC1,38.8
CCCCCCCCCCCCc1ccc(O)cc1,100.3
CCOc1ccc(N)cc1,7.8
CCC1COC(=O)O1,15.2
CCCCCCOc1ccc(N)cc1,94.7
CC(=O)c1ccc(O)cc1,36.7
O=C(O)c1ccc(O)cc1,84.3
CC(C)c1ccc(O)cc1,73.2
COc1ccc(C=O)cc1,25.0
CC(C)CC(C)O,12.0
CC(=O)C=C(C)C,34.8
C=Cc1ccc(C)cc1,13.0
O=C(O)c1ccc([N+](=O)[O-])cc1,29.1
O=[N+]([O-])c1ccc(O)cc1,103.0
O=Nc1ccc(Nc2ccccc2)cc1,108.9
Cc1ccc([N+](=O)[O-])cc1,18.0
CCCCCCCCCc1ccc(O)cc1,89.2
CC(C)CCCCCCc1ccc(O)cc1,104.2
CCCCCCCCc1ccc(O)cc1,102.5
CCCCCc1ccc(N)cc1,89.4
Oc1ccc(-c2ccccc2)cc1,100.9
CCCC1CCC(=O)CC1,34.9
CC(C)(C)c1ccc(N)cc1,26.7
CC(C)(C)c1ccc(S)cc1,37.9
CC(C)(C)C1CCC(=O)CC1,7.2
CC(C)(C)c1ccc(OC(=O)c2ccccc2O)cc1,45.7
Cc1ccc(C(C)(C)C)cc1,8.8
Cc1ccc(S(N)(=O)=O)cc1,12.8
C1CC2OC2CC1C1CO1,8.2
CC(CCC(=O)O)(c1ccc(O)cc1)c1ccc(O)cc1,43.3
CC(C)(C)c1ccc(-c2ccc(C(C)(C)C)cc2)cc1,6.1
Nc1ccc(Cc2ccc(N)cc2)cc1,75.3
C1CN(SSN2CCOCC2)CCO1,80.8
CN(C)c1ccc(Cc2ccc(N(C)C)cc2)cc1,46.2
Cc1cc(Cc2ccc(N)c(C)c2)ccc1N,96.5
Nc1ccc(Oc2ccc(N)cc2)cc1,90.0
O=S(=O)(c1ccc(O)cc1)c1ccc(O)cc1,87.7
CC(c1ccc(O)cc1)(c1ccc(O)cc1)c1ccc(O)cc1,100.2
O=c1ssc(Cl)c1Cl,106.6
Cc1cc([N+](=O)[O-])cc([N+](=O)[O-])c1O,109.9
CCC1(C)NC(=O)NC1=O,10.6
O=c1[nH]cc(F)c(=O)[nH]1,14.1
COc1ccc([N+](=O)[O-])cc1N,69.0
CC1(C)NC(=O)N(c2ccc([N+](=O)[O-])c(C(F)(F)F)c2)C1=O,3.0
CC1(C)NC(=O)NC1=O,9.7
O=C1NC(=O)C(c2ccccc2)(c2ccccc2)N1,24.1
C[C@]12CCC(=O)CC1CCC1C2CC[C@@]2(C)C1CC[C@@H]2O,20.9
Oc1ccc2cc(SSc3ccc4cc(O)ccc4c3)ccc2c1,100.1
Cc1cc(=O)[nH]c(=S)[nH]1,16.6
Cc1ccc2ncccc2c1,43.1
CCCCC(CC)CCC(CC(C)C)OS(=O)(=O)[O-],103.0
CC1=CC(=O)[N-]S(=O)(=O)O1,24.0
CC(=O)Nc1ccc(O)cc1,-15.9
Cc1cc(Cl)ccc1OCC(=O)[O-],85.1
CCC(CC)C(C)CCOC(C)=O,12.3
CCOCN(C(=O)CCl)c1c(C)cccc1CC,51.4
CC(=O)c1ccccc1,19.5
CC(=O)C1=C(C)C2C[C@]3(C1)C(CC[C@H]3C)C2(C)C,17.7
CSC(=O)c1cccc2nnsc12,72.2
Nc1ccc2cc(S(=O)(=O)[O-])cc(O)c2c1/N=N/c1ccccc1C(F)(F)F,103.1
O=C(O)c1cc(Oc2ccc(C(F)(F)F)cc2Cl)ccc1[N+](=O)[O-],102.9
C=CC(N)=O,12.4
CCCCCCCCCCCC(=O)OCC(C)OC(=O)CCCCC(=O)O,34.3
CCc1cccc(CC)c1N(COC)C(=O)CCl,39.7
CSC(C)(C)C=NO,10.1
CNC(=O)ON=CC(C)(C)S(C)(=O)=O,7.8
CNC(=O)ON=CC(C)(C)S(C)=O,-5.7
ClC1=C(Cl)[C@]2(Cl)C3C4C=CC(C4)C3[C@@]1(Cl)C2(Cl)Cl,-15.0
CCCCCCCCCCCCOCC1CO1,57.7
NC(=O)NC1NC(=O)NC1=O,9.5
COc1cc(S(=O)(=O)[O-])c(C)cc1/N=N/c1c(O)ccc2cc(S(=O)(=O)[O-])ccc12,94.8
C=CCO,5.0
CCCCCC(C=O)=Cc1ccccc1,77.3
CC(=O)/C=C/C1C(C)=CCCC1(C)C,46.2
CC(=O)C(C)=CC1C(C)=CCCC1(C)C,41.3
CCCCCCCCCCCCOCCOS(=O)(=O)[O-],98.4
CCCC(=O)OC(C)(C)Cc1ccccc1,29.9
CCNc1nc(NC(C)C)nc(SC)n1,62.1
CCCCc1oc2ccccc2c1C(=O)c1cc(I)c(OCCN(CC)CC)c(I)c1,48.4
Cc1ccc(N=CN(C)C=Nc2ccc(C)cc2C)c(C)c1,54.1
NC(=O)[O-],14.7
[S-]C#N,11.8
O=C([O-])C(F)(F)C(F)(F)C(F)(F)C(F)(F)C(F)(F)C(F)(F)C(F)(F)F,104.2
NS(=O)(=O)[O-],26.1
Cc1ccc(S(=O)(=O)O)c(C)c1,25.0
CC(C)(C#N)c1cc(Cn2cncn2)cc(C(C)(C)C#N)c1,9.5
CCCCCCC(O)CC=CCCCCCCCC(=O)OCCN(CCOC(=O)CCCCCCCC=CCC(O)CCCCCC)CCOC(=O)CCCCCCCC=CCC(O)CCCCCC,60.8
O=c1cc(-c2ccc(O)cc2)oc2cc(O)cc(O)c12,103.0
CC(=O)Oc1ccccc1C(=O)O,36.6
COC(=O)NS(=O)(=O)c1ccc(N)cc1,5.4
CC(C)NCC(O)COc1ccc(CC(N)=O)cc1,15.4
CC(C)c1c(C(=O)Nc2ccccc2)c(-c2ccccc2)c(-c2ccc(F)cc2)n1CC[C@@H](O)C[C@@H](O)CC(=O)[O-],63.0
CCNc1nc(Cl)nc(NC(C)C)n1,6.9
O=C([O-])c1ccc2c(c1)nc(C(=O)NC1CCN(C3CC3)CC1)n2Cc1cc(-c2ccc(Cl)s2)on1,46.2
COP(=O)(OC)SCn1c(=O)oc2cc(Cl)cnc21,34.3
Cn1cnc([N+](=O)[O-])c1Sc1ncnc2nc[nH]c12,86.8
CCNc1ccc(C(=C2C=CC(=[N+](CC)CC)C=C2)c2ccc(N(CC)CC)cc2)c2ccccc12,110.3
CNC(=O)Oc1cccc2c1OC(C)(C)O2,24.2
CCCCN(CC)c1c([N+](=O)[O-])cc(C(F)(F)F)cc1[N+](=O)[O-],37.5
O=C(Nc1ccccc1)c1ccccc1I,73.6
CCCCNC(=O)n1c(NC(=O)OC)nc2ccccc21,40.4
CC(C)OP(=S)(OC(C)C)SCCNS(=O)(=O)c1ccccc1,21.5
ClC(Cl)c1ccccc1,12.4
CCOC(=O)c1ccc(N)cc1,37.3
OC(=O)C1=CC=CC=C1,-17.1
O=C(c1ccccc1)C(O)c1ccccc1,57.4
O=C(c1ccccc1)c1ccccc1,87.0
ClC(Cl)(Cl)c1ccccc1,62.4
O=C(OCc1ccccc1)c1ccc(O)cc1,103.2
CC(=O)OCc1ccccc1,11.8
OCc1ccccc1,43.3
O=C(OCc1ccccc1)c1ccccc1,88.2
CCCCOC(=O)c1ccccc1C(=O)OCc1ccccc1,71.1
O=C(C=Cc1ccccc1)OCc1ccccc1,75.4
CCCCCCCCCC[N+](C)(C)Cc1ccccc1,-8.5
CCCCC(CC)COC(=O)CCCCC(=O)OCc1ccccc1,13.5
O=c1[nH]c2ccc(S(=O)CCN3CCC(Cc4ccc(F)cc4)CC3)cc2o1,-16.3
Cc1c(COC(=O)[C@@H]2[C@H](/C=C(\Cl)C(F)(F)F)C2(C)C)cccc1-c1ccccc1,54.8
CC(C)OP(C)(=O)OC(C)C,10.9
CCCCC(CC)COC(=O)/C=C\C(=O)OCC(CC)CCCC,14.7
CCCCC(CC)COC(=O)c1c(Br)c(Br)c(Br)c(Br)c1C(=O)OCC(CC)CCCC,32.4
CCCCC(CC)COC(=O)CCCCC(=O)OCC(CC)CCCC,-0.4
CC(C)(c1ccc(O)cc1)c1ccc(O)cc1,96.0
CC(C)(c1ccc(OCC2CO2)cc1)c1ccc(OCC2CO2)cc1,31.9
Oc1ccc(C(c2ccc(O)cc2)(C(F)(F)F)C(F)(F)F)cc1,100.7
CCC(C)(c1ccc(O)cc1)c1ccc(O)cc1,95.2
OB(O)O,-4.8
O=C(Nc1ccccc1-c1ccc(Cl)cc1)c1cccnc1Cl,29.3
CCC(C)n1c(=O)[nH]c(C)c(Br)c1=O,22.6
N#Cc1cc(Br)c(O)c(Br)c1,101.8
CS(=O)(=O)OCCCCOS(C)(=O)=O,11.4
CCCCOCN(C(=O)CCl)c1c(CC)cccc1CC,39.2
C=CCOC(=O)C(C)(C)OC(=O)c1cc(-n2c(=O)cc(C(F)(F)F)n(C)c2=O)ccc1Cl,40.9
CC(C)N(Cc1ccccc1)C(=O)C(C)(C)C,10.1
C=CC(=O)OCCCC,4.5
CCCCOC(=O)c1ccccc1,17.1
CCCCOCC1CO1,5.5
CCSC(=O)N(CC(C)C)CC(C)C,13.3
CCCCc1ccccc1,16.0
CCCCc1ccc2cccc(S(=O)(=O)[O-])c2c1,101.1
CCCCOC(=O)c1ccc(O)cc1,100.1
CCCC=NO,7.1
O=S(=O)([O-])c1cc(S(=O)(=O)[O-])c2c(N=Nc3ccccc3)c(O)ccc2c1,108.8
CC1=NN(c2ccc(S(=O)(=O)[O-])cc2)C(=O)C1N=Nc1ccccc1,108.3
CC1=NN(c2cc(Cl)c(S(=O)(=O)[O-])cc2Cl)C(=O)C1N=Nc1ccc(S(=O)(=O)[O-])cc1,102.2
O=C1c2ccccc2C(=O)C1c1ccc2cc(S(=O)(=O)[O-])cc(S(=O)(=O)[O-])c2n1,97.3
CC1=NN(c2cc(S(=O)(=O)[O-])ccc2Cl)C(=O)C1/N=N/c1ccccc1,109.6
Cc1ccc([N+](=O)[O-])cc1N,80.8
O=C(Nc1ccc2c(O)c(/N=N/c3ccc(/N=N/c4ccc(S(=O)(=O)[O-])cc4)cc3)c(S(=O)(=O)[O-])cc2c1)c1ccccc1,103.4
COc1cc(-c2ccc(N)c(OC)c2)ccc1N,102.9
COc1cc(-c2ccc(N)c(OC)c2)ccc1N,110.4
CCCCCCCCCCCCCCCS(=O)(=O)Oc1ccccc1,6.5
CCCCCCC(C)(C)C(=O)[O-],53.3
C=C1C2CCC(C2)C1(C)C,6.9
COCCOC[C@H](CC1(C(=O)N[C@H]2CC[C@@H](C(=O)O)CC2)CCCC1)C(=O)Oc1ccc2c(c1)CCC2,4.8
O=C1CCCCCN1,-0.2
O=C1C2CC=CCC2C(=O)N1SC(Cl)(Cl)Cl,89.1
NC(=O)N1c2ccccc2C=Cc2ccccc21,56.6
COC(=O)Nc1nc2ccccc2[nH]1,-20.8
CCCCN(CCCC)SN(C)C(=O)Oc1cccc2c1OC(C)(C)C2,67.5
CC1=C(C(=O)Nc2ccccc2)SCCO1,36.7
CC(C)c1ccc(C(=O)N=C(N)N)cc1S(C)(=O)=O,11.8
Cc1ccc(-c2cc(C(F)(F)F)nn2-c2ccc(S(N)(=O)=O)cc2)cc1,56.9
CC(=O)c1cc(C(C)(C)C)cc2c1CCC2(C)C,6.2
Nc1cc(Cl)cc(C(=O)O)c1Cl,93.9
Cc1ccc(S(=O)(=O)[N-]Cl)cc1,88.9
ClC1=C(Cl)C2(Cl)C3C(Cl)C(Cl)CC3C1(Cl)C2(Cl)Cl,62.6
O=C(O)C1C(C(=O)O)C2(Cl)C(Cl)=C(Cl)C1(Cl)C2(Cl)Cl,69.6
CCOP(=S)(OCC)OC(Cl)C(Cl)(Cl)Cl,89.6
Nc1cnn(-c2ccccc2)c(=O)c1Cl,63.9
O=C1c2ccccc2C(=O)C1C(=O)C(c1ccccc1)c1ccc(Cl)cc1,90.4
CC(C)OC(=O)Nc1cccc(Cl)c1,74.2
CCOP(=S)(OCC)Oc1nc(Cl)c(Cl)cc1Cl,102.8
CCOP(=O)(OCC)Oc1nc(Cl)c(Cl)cc1Cl,99.4
COP(=S)(OC)Oc1nc(Cl)c(Cl)cc1Cl,99.6
COC(=O)c1c(Cl)c(Cl)c(C(=O)OC)c(Cl)c1Cl,99.7
O=c1cc(-c2ccccc2)oc2cc(O)cc(O)c12,94.7
Nc1cc2c3c(c1)C(c1ccccc1)=N[C@@H](NC(=O)c1cccnc1)C(=O)N3CC2,40.1
Cc1ccccc1CO[C@@H]1C[C@@]2(C(C)C)CC[C@]1(C)O2,45.9
OC(=O)CC(O)(CC(O)=O)C(O)=O,-10.7
CCOC(=O)CC(CC(=O)OCC)(OC(C)=O)C(=O)OCC,12.1
CC(C)=CCCC(C)CCO,92.9
NC(=O)N(O)[C@@H]1C=C[C@H](Oc2cccc(Oc3ccc(F)cc3)c2)C1,93.0
Nc1nc(Cl)nc2c1ncn2[C@H]1C[C@H](O)[C@@H](CO)O1,6.3
C#CCOC(=O)[C@@H](C)Oc1ccc(Oc2ncc(Cl)cc2F)cc1,57.3
CCOC(=O)C(C)(C)Oc1ccc(Cl)cc1,42.1
O=C(O)c1nc(Cl)ccc1Cl,30.8
Oc1ccc(Cl)cc1Cc1ccccc1,105.0
COC(=O)C(N)Cc1cnc[nH]1,85.7
COc1cc2c(c(OC)c1OC)-c1ccc(OC)c(=O)cc1[C@@H](NC(C)=O)CC2,41.7
C[C@]12C[C@H](O)[C@H]3[C@@H](CCC4=CC(=O)CC[C@@]43C)[C@@H]1CC[C@@H]2C(=O)CO,12.6
CN1C(=O)CC[C@H]1c1cccnc1,4.8
O=C(O)c1cccc(C[C@@H]2COc3ccc(OCc4nc5cc(F)ccc5s4)cc3[C@@H]2O)c1,64.6
CC(Cc1ccc(OCC(=O)O)cc1)NCC(O)c1csc(C(F)(F)F)n1,22.3
Oc1ccc2c(c1)OC[C@@H](N1CCC(O)(c3ccc(F)cc3)CC1)[C@H]2O,59.6
CCc1nn(C2CCCCC2)c2cc([C@]3(C#N)CC[C@@H](C(=O)O)CC3)ccc12,62.7
CCOc1cccc([C@]2(N3CCN(c4ccccc4)CC3)CC[C@@H](C)CC2)c1,15.5
CC(C)(O)c1ccc(CNC(=O)c2cccnc2Oc2ccc(F)cc2)cc1,10.5
CC(C)c1cccc(C(C)C)c1NC(=O)[N-]S(=O)(=O)c1cc(C(C)(C)O)co1,37.3
O=C(O)CCN(C1(C(=O)NO)CCCC1)S(=O)(=O)c1ccc(Oc2ccc(F)cc2)cc1,30.0
CC[C@@H]1C[C@H](N(Cc2cc(C(F)(F)F)cc(C(F)(F)F)c2)C(C)=O)c2cc(C(F)(F)F)ccc2N1C(=O)OC(C)C,41.7
O=C(NO)C1(NS(=O)(=O)c2ccc(Oc3ccc(F)cc3)cc2)CCOCC1,48.4
CNCc1cc(F)ccc1Oc1ccc(Cl)c(Cl)c1,35.5
CC(C)(O)c1ccc(CNC(=O)c2cccnc2Oc2ccc3nonc3c2)cc1,5.1
Cc1cc(NC(=O)C(=O)O)cc(C)c1Oc1ccc(O)c2c1CCC2,105.4
Cc1nc(C)nc(N2C[C@@H](C)N(c3ccnc([C@@H](C)O)n3)[C@@H](C)C2)n1,0.4
C[C@@H](Oc1ccc(CNC(=O)c2cccnc2Oc2ccc3c(c2)OCO3)c(F)c1)C(=O)O,11.1
CCCCCCC(O)C/C=C/CCCCCCCOC(=O)OCCOCC(COCCOC(=O)OCCCCCCC/C=C/CC(O)CCCCCC)OCCOC(=O)OCCCCCCC/C=C/CC(O)CCCCCC,-22.0
CCNc1nc(Cl)nc(NC(C)(C)C#N)n1,30.7
CSc1nc(NC2CC2)nc(NC(C)(C)C)n1,86.0
O=C(O)C1(C(=O)Nc2ccc(Cl)cc2Cl)CC1,96.4
O=C(c1ccccc1)C1CCC1,30.8
OC1CCCCCCCCCCC1,44.9
O=C1CCCCC1,1.0
ON=C1CCCCC1,11.1
C[C@@H]1C[C@@H]([C@H](O)CC2CC(=O)NC(=O)C2)C(=O)[C@@H](C)C1,10.8
NC1CCCCC1,11.8
O=C(c1ccccc1)C1CCCCC1,45.5
CC1=C2C[C@H]3C(CC=C4C[C@@H](O)CC[C@@]43C)C2CC[C@]12O[C@@H]1C[C@H](C)CNC1[C@H]2C,-3.7
O=P1(N(CCCl)CCCl)NCCCO1,63.3
CC1(C)C(C=C(Cl)Cl)C1C(=O)OC(C#N)c1ccc(F)c(Oc2ccccc2)c1,48.1
CCCCOC(=O)[C@@H](C)Oc1ccc(Oc2ccc(C#N)cc2F)cc1,51.1
Cc1cc(C2CC2)nc(Nc2ccccc2)n1,91.0
Nc1nc(N)nc(NC2CC2)n1,24.2
Nc1ccn(C2OC(CO)[C@@H](O)C2O)c(=O)n1,8.7
Nc1ccc(S(=O)(=O)c2ccc(N)cc2)cc1,25.0
Clc1ccc(C(c2ccc(Cl)cc2)C(Cl)(Cl)Cl)cc1,14.9
CCCCCCCCCC=O,94.7
O=C(O)CCCCCCCCC(=O)O,39.5
CCCCCCCCCC(O)=O,93.7
CCN(CC)C(=O)c1cccc(C)c1,51.8
CC(=O)C1C(=O)C=C(C)OC1=O,41.0
C[C@]12CC[C@H](O)CC1=CCC1C2CC[C@]2(C)C(=O)CCC12,37.5
CCNc1nc(N)nc(Cl)n1,20.2
CC[N+](CC)(CC(=O)Nc1c(C)cccc1C)Cc1ccccc1,12.7
CC[N+](CC)(CC(=O)Nc1c(C)cccc1C)Cc1ccccc1,21.5
C[C@@H]1CC2C3CCC4=CC(=O)C=C[C@]4(C)[C@@]3(F)[C@@H](O)C[C@]2(C)[C@@]1(O)C(=O)COP(=O)([O-])[O-],7.1
CCCCCCCCOC(=O)c1ccccc1C(=O)OCCCCCCCC,15.1
CC(C)(C)OOC(C)(C)C,6.8
CCCCC(CC)COC(=O)c1ccccc1C(=O)OCC(CC)CCCC,5.6
CC(=O)CC(C)(C)O,-17.0
C=CCOC(=O)c1ccccc1C(=O)OCC=C,65.2
CCOP(=S)(OCC)Oc1cc(C)nc(C(C)C)n1,39.1
O=C1C(N(CO)C(=O)NCO)N(CO)C(=O)N1CO,9.7
c1ccc2c(c1)sc1ccccc12,15.7
CCCCOC(=O)c1ccccc1C(=O)OCCCC,70.8
CCCCOC(=O)CCCCC(=O)OCCCC,9.9
CCCCOC(=O)CCCCCCCC(=O)OCCCC,29.2
CCCCOC(=O)CCCCCCCCC(=O)OCCCC,-0.5
COc1c(Cl)ccc(Cl)c1C(=O)O,62.8
C=CCN(CC=C)C(=O)C(Cl)Cl,17.2
Oc1ccc(Cl)cc1Cc1cc(Cl)ccc1O,105.5
CC(Oc1ccc(Cl)cc1Cl)C(=O)O,81.7
COP(=O)(OC)OC=C(Cl)Cl,13.9
OC(c1ccc(Cl)cc1)(c1ccc(Cl)cc1)C(Cl)(Cl)Cl,64.6
CC(C)(OOC(C)(C)c1ccccc1)c1ccccc1,80.7
C1CCC(SSC2CCCCC2)CC1,22.7
O=C(OC1CCCCC1)c1ccccc1C(=O)OC1CCCCC1,37.8
O=C(CC(C(=O)OC1CCCCC1)S(=O)(=O)[O-])OC1CCCCC1,74.0
C1=CC2C3C=CC(C3)C2C1,13.6
O=c1[nH]cnc2c1ncn2[C@H]1CC[C@@H](CO)O1,1.7
ClC1=C(Cl)[C@]2(Cl)[C@@H]3[C@@H]4C[C@@H]([C@H]5O[C@@H]45)[C@@H]3[C@@]1(Cl)C2(Cl)Cl,25.9
OCCNCCO,14.6
CCOC(=O)CCC(=O)OCC,6.4
CCO[P+](=O)OCC,6.4
CCOC(=O)c1ccccc1C(=O)OCC,44.1
CCOS(=O)(=O)OCC,-4.0
OCCOCCO,0.4
O=C(OCCOCCOC(=O)c1ccccc1)c1ccccc1,29.2
COCCOCCO,10.3
CC/C(=C(/CC)c1ccc(O)cc1)c1ccc(O)cc1,103.2
Cn1c(-c2ccccc2)cc(-c2ccccc2)[n+]1C,91.0
O=C(NC(=O)c1c(F)cccc1F)Nc1ccc(Cl)cc1,-8.0
COc1ccc(-n2nc(C(F)F)cc2-c2ccc(S(C)=O)cc2)cc1,33.1
C[C@H]1O[C@@H](O[C@H]2[C@@H](O)C[C@H](O[C@H]3[C@@H](O)C[C@H](O[C@H]4CC[C@@]5(C)[C@H](CC[C@@H]6[C@@H]5C[C@@H](O)[C@]5(C)[C@@H](C7=CC(=O)OC7)CC[C@]65O)C4)O[C@@H]3C)O[C@@H]2C)C[C@H](O)[C@@H]1O,13.1
CCCCCCOC(=O)CCCCC(=O)OCCCCCC,1.0
CCCCCCOC(=O)c1ccccc1C(=O)OCCCCCC,17.7
C=CC(=C)CCCC(C)(C)O,28.9
CC(C)COC(=O)CCCCC(=O)OCC(C)C,63.2
CC(C)CCCCCCCOC(=O)CCCCC(=O)OCCCCCCCC(C)C,4.6
CC(C)CCCCCCCOP(OCCCCCCCC(C)C)Oc1ccccc1,101.9
CC(C)CCCCCCOC(=O)CCCCC(=O)OCCCCCCC(C)C,-3.7
CC(C)CCCCCCOC(=O)C1CCCCC1C(=O)OCCCCCCC(C)C,-35.9
CC(C)CCCCCOC(=O)CCCCC(=O)OCCCCCC(C)C,21.0
CC(O)CNCC(C)O,11.5
CC(C)OC(=O)c1ccccc1C(=O)OC(C)C,56.5
CNC(=O)CSP(=S)(OC)OC,39.7
CC(=O)OC1CC(C)OC(C)O1,-24.1
CO[Si](C)(C)OC,3.5
COC(=O)CCCC(=O)OC,8.1
COC(=O)c1cccc(C(=O)OC)c1,40.7
COP(C)(=O)OC,13.0
COC(=O)c1ccccc1C(=O)OC,38.2
COC(=O)CCC(=O)OC,5.0
COS(=O)(=O)OC,11.9
COC(=O)c1ccc(C(=O)OC)cc1,39.6
C[As](C)(=O)O,-1.8
CN(C)C(=O)Cl,-3.9
C[Sn](C)(Cl)Cl,-1.7
CC(C)(C)C(O)/C(=C\c1ccc(Cl)cc1Cl)n1cncn1,82.7
CCC(C)c1cc([N+](=O)[O-])cc([N+](=O)[O-])c1O,109.0
CNC(=N[N+](=O)[O-])NCC1CCOC1,7.4
CC(C)CCCCCCOC(=O)c1ccccc1C(=O)OCCCCCCC(C)C,13.4
CCCCCOC(=O)c1ccccc1C(=O)OCCCCC,49.6
O=C(Oc1ccccc1)c1cccc(C(=O)Oc2ccccc2)c1,79.0
c1ccc(Oc2ccccc2)cc1,57.9
O=P(O)(Oc1ccccc1)Oc1ccccc1,45.8
c1ccc(Nc2ccccc2)cc1,83.8
CCCOC(=O)c1ccc(C(=O)OCCC)nc1,33.2
COCCOCCO,-5.3
CC(COCC(C)OC(=O)c1ccccc1)OC(=O)c1ccccc1,34.7
CSC(=O)c1c(C(F)F)nc(C(F)(F)F)c(C(=O)SC)c1CC(C)C,44.8
CN(C)C(=O)Nc1ccc(Cl)c(Cl)c1,34.4
C=Cc1ccccc1C=C,23.8
CC(=O)Oc1c(C)c(C)c2c(c1C)CC[C@@](C)(CCC[C@H](C)CCC[C@H](C)CCCC(C)C)O2,-3.7
CCCCC(CC)COC(=O)CC(C(=O)OCC(CC)CCCC)S(=O)(=O)[O-],104.7
CCCCCCCCCCCCc1ccccc1,-13.6
CCCCCCCCCCCCc1cccc(S(=O)(=O)O)c1,101.8
CCCCCCCCCCCCc1ccccc1S(=O)(=O)O,105.3
CCCCCCCCCCCCc1ccc(O)cc1,99.8
OC(=O)/C=C/C1=CC=CC=C1,53.5
O=S1OCC2C(CO1)C1(Cl)C(Cl)=C(Cl)C2(Cl)C1(Cl)Cl,16.4
O=S1OC[C@@H]2[C@H](CO1)[C@]1(Cl)C(Cl)=C(Cl)[C@@]2(Cl)C1(Cl)Cl,18.9
O=C(O)C1C2CCC(O2)C1C(=O)O,-3.4
CCOP(=S)(Oc1ccc([N+](=O)[O-])cc1)c1ccccc1,78.6
Fc1ccc([C@@]2(Cn3cncn3)O[C@@H]2c2ccccc2Cl)cc1,62.2
CC[C@H]1OC(=O)[C@H](C)[C@@H](O[C@H]2C[C@@](C)(OC)[C@@H](O)[C@H](C)O2)[C@H](C)[C@@H](O[C@@H]2O[C@H](C)C[C@H](N(C)C)[C@H]2O)[C@](C)(O)C[C@@H](C)C(=O)[C@H](C)[C@@H](O)[C@]1(C)O,13.4
CC(C)[C@H](C(=O)O[C@H](C#N)c1cccc(Oc2ccccc2)c1)c1ccc(Cl)cc1,47.1
C=CCc1ccc(OC)cc1,21.6
C[C@]12CC[C@@H]3c4ccc(O)cc4CC[C@H]3[C@@H]1C[C@@H](O)[C@@H]2O,29.7
C[C@]12CCC3c4ccc(O)cc4CCC3C1CCC2=O,15.3
CCOC1Oc2ccc(OS(C)(=O)=O)cc2C1(C)C,82.6
CCOC(=O)Cc1cccc2ccccc12,84.0
CCOC(=O)C1OC1c1ccccc1,40.1
CCC(=O)c1ccc(Cl)cc1,15.6
CCN(CCO)CCO,4.5
CCCCCC(=O)OCC,1.8
CCCCCCCC/C=C\CCCCCCCC(=O)OCC,17.7
CCOC(OCC)OCC,12.0
CCOC(=O)CC,10.6
C=CCCCCCCCCC(=O)OCC,26.8
OCCO,4.9
CCOCCOC(C)=O,12.3
O=C(OCCOCCOCCOC(=O)c1ccccc1)c1ccccc1,26.0
CCOC(=O)c1ccc(O)cc1,81.3
CCOc1ccc(C(C)(C)COCc2cccc(Oc3ccccc3)c2)cc1,51.7
CCOc1cc(C(C)(C)C)ccc1C1COC(c2c(F)cccc2F)=N1,40.1
C=CCc1ccc(O)c(OC)c1,91.2
CCc1cc(C2=C(C(=O)[O-])N(c3ccccc3C(F)(F)F)S(=O)(=O)c3ccccc32)cc2c1OCO2,81.3
CC(C)=CCCC(C)=CCCC(C)=CCO,90.0
CCN(Cc1cccc(S(=O)(=O)[O-])c1)c1ccc(C(=C2C=CC(=[N+](CC)Cc3cccc(S(=O)(=O)[O-])c3)C=C2)c2ccc(O)cc2S(=O)(=O)[O-])cc1,56.9
O=S(=O)([O-])c1ccc(/N=N/c2c(O)ccc3cc(S(=O)(=O)[O-])ccc23)cc1,97.9
CSC1=N[C@@](C)(c2ccccc2)C(=O)N1Nc1ccccc1,35.3
CC12CCC(C1)C(C)(C)C2O,3.6
COP(=S)(OC)Oc1ccc([N+](=O)[O-])c(C)c1,98.4
CC(C)OC(=O)C(C)(C)Oc1ccc(C(=O)c2ccc(Cl)cc2)cc1,24.8
CCOC(=O)NCCOc1ccc(Oc2ccccc2)cc1,83.7
COP(=S)(OC)Oc1ccc(SC)c(C)c1,94.0
CN(C)C(=O)Nc1ccccc1,6.9
N#Cc1nn(-c2c(Cl)cc(C(F)(F)F)cc2Cl)c(N)c1S(=O)C(F)(F)F,57.4
O=c1cc(-c2ccccc2)oc2ccccc12,95.1
O=[N+]([O-])c1cc(C(F)(F)F)c(Cl)c([N+](=O)[O-])c1Nc1ncc(C(F)(F)F)cc1Cl,108.7
OC(Cn1cncn1)(Cn1cncn1)c1ccc(F)cc1F,8.8
CC(C)N(C(=O)COc1nnc(C(F)(F)F)s1)c1ccc(F)cc1,66.8
O=C(NC(=O)c1c(F)cccc1F)Nc1ccc(Oc2ccc(C(F)(F)F)cc2Cl)cc1F,20.0
CCOC(=O)COc1cc(-n2ncc(C(F)(F)F)c(C)c2=O)c(F)cc1Cl,24.7
CCN(Cc1c(F)cccc1Cl)c1c([N+](=O)[O-])cc(C(F)(F)F)cc1[N+](=O)[O-],61.1
C#CCN1C(=O)COc2cc(F)c(N3C(=O)C4=C(CCCC4)C3=O)cc21,85.2
CN(C)C(=O)Nc1cccc(C(F)(F)F)c1,54.8
OCCC(F)(F)C(F)(F)C(F)(F)C(F)(F)C(F)(F)C(F)(F)C(F)(F)C(F)(F)F,45.8
CO/N=C(/C1=NOCCO1)c1ccccc1Oc1ncnc(Oc2ccccc2Cl)c1F,88.2
Nc1c(Cl)c(F)nc(OCC(=O)O)c1Cl,84.5
CCCCCCC(C)OC(=O)COc1nc(F)c(Cl)c(N)c1Cl,84.2
C[Si](Cn1cncn1)(c1ccc(F)cc1)c1ccc(F)cc1,52.2
CC(C)C(=O)Nc1ccc([N+](=O)[O-])c(C(F)(F)F)c1,30.4
CC(C)Oc1cccc(NC(=O)c2ccccc2C(F)(F)F)c1,75.6
CS(=O)(=O)NC(=O)c1cc(Oc2ccc(C(F)(F)F)cc2Cl)ccc1[N+](=O)[O-],97.6
O=C(Nc1ccccc1)Nc1ccnc(Cl)c1,54.6
C=O,14.6
NC=O,2.3
Cc1oc2c(NC(=O)c3c(Cl)cccc3Cl)cccc2c1C(C)(C)O,102.1
OC(=O)/C=C/C(O)=O,6.0
CCCOC(=O)c1cc(O)c(O)c(O)c1,104.8
O=C1CCCO1,11.3
CCC1CCC(=O)O1,54.0
CCCC1CCC(=O)O1,10.6
CCCCCC1CCC(=O)O1,13.3
CC(=O)OC/C=C(\C)CCC=C(C)C,24.6
C=C1C[C@]23C[C@]1(O)CCC2[C@@]12C=C[C@H](O)[C@@](C)(C(=O)O1)C2[C@@H]3C(=O)O,-5.4
CCCCCCCC(=O)OCC(O)CO,35.0
CCCCCCCCC=CCCCCCCCC(=O)OCC(O)CO,76.5
CCCCCCC(O)CC=CCCCCCCCC(=O)OCC(O)CO,85.6
CCCCCCCCCCCCCCCCCC(=O)OCC(O)CO,9.3
OCC1CO1,2.9
CCCCCCCCCc1ccc(OCCO)cc1,44.3
O=C1NC2NC(=O)NC2N1,6.5
CCCCCCC(CCCCCCCCCCC(=O)OCC(COC(C)=O)OC(C)=O)OC(C)=O,21.2
N#Cc1ccc(N(CC(N)=O)CC(F)(F)F)cc1C(F)(F)F,21.3
CCN(C(=O)c1cc(C)cc(OC[C@H](C)Nc2ccncc2)c1)C(C)C,5.9
ClC1=C(Cl)[C@]2(Cl)C3C([C@@H]4O[C@@H]4[C@@H]3Cl)C1(Cl)C2(Cl)Cl,-20.2
CCCCCCC=O,56.9
CCCCCCC(O)=O,43.3
CCCCCCC(=O)c1ccccc1,41.7
CCCCCCCOC(=O)CCC,18.6
CCCCCCCOC(=O)c1ccc(O)cc1,103.0
ClC(Cl)=C(Cl)C(Cl)=C(Cl)Cl,98.9
ClC1=C(Cl)C(Cl)(Cl)C(Cl)=C1Cl,98.4
CCCCC(O)(Cn1cncn1)c1ccc(Cl)cc1Cl,69.0
CCCCCCCCCCCCCCCC,10.1
CCCCCCCCCCCCCCCC(O)=O,53.4
O=C(NC(=O)c1c(F)cccc1F)Nc1cc(Cl)c(OC(F)(F)C(F)F)c(Cl)c1,-18.9
O=C(OCCCCCCOC(=O)c1ccccc1)c1ccccc1,26.8
N#CCCCCC#N,15.9
OC(=O)CCCCC(O)=O,13.8
CCCC(CC)COC(=O)CCCCCC(=O)OCC(C)C(C)CC,11.6
CCCCCC(O)=O,11.2
CN(C)c1nc(=O)n(C2CCCCC2)c(=O)n1C,21.6
CCCCCCOC(=O)c1ccccc1,51.2
C[C@H]1[C@H](c2ccc(Cl)cc2)SC(=O)N1C(=O)NC1CCCCC1,56.4
NS(=O)(=O)c1cc2c(cc1Cl)NCNS2(=O)=O,-6.7
Oc1ccc(O)cc1,19.9
COc1ccc(OC)cc1,19.2
CC(CC=O)CCCC(C)(C)O,28.7
CC(C)(O)C(=O)Nc1ccc([N+](=O)[O-])c(C(F)(F)F)c1,29.8
CCC(C)OC(=O)N1CCCCC1CCO,13.4
CC(C)CCCCCCc1ccc(OCCOCCO)cc1,2.8
COC(=O)c1ccc(C)cc1C1=NC(C)(C(C)C)C(=O)N1,12.2
Cc1cnc(C2=NC(=O)C(C)(C(C)C)N2)c(C(=O)O)c1,12.5
CC(C)C1(C)N=C(c2nc3ccccc3cc2C(=O)O)NC1=O,14.5
CCc1cnc(C2=NC(C)(C(C)C)C(=O)N2)c(C(=O)O)c1,8.2
N1C=CN=C1,3.6
O=C(NCNC(=O)NC1C(=O)NC(=O)N1CO)NC1C(=O)NC(=O)N1CO,20.5
[As]#[In],-16.2
COC(=O)N(C(=O)N1CO[C@@]2(C(=O)OC)Cc3cc(Cl)ccc3C2=N1)c1ccc(OC(F)(F)F)cc1,37.9
O=C(N[C@@H](Cc1ccccc1)[C@@H](O)C(=O)N1C[C@@H](O)[C@@H](O)C1)c1cc2cc(Cl)ccc2[nH]1,52.2
COC(=O)c1ccc(I)cc1S(=O)(=O)[N-]C(=O)Nc1nc(C)nc(OC)n1,96.9
CCC(Cc1c(I)cc(I)c(N)c1I)C(=O)O,102.5
CCOP(=S)(OCC)Oc1nc(Cl)n(C(C)C)n1,75.6
CC1(C)[C@@H]2CC[C@@]1(C)[C@H](O)C2,-7.8
CC(=O)O[C@H]1C[C@@H]2CC[C@@]1(C)C2(C)C,12.6
CCC(=O)O[C@@H]1CC2CC[C@]1(C)C2(C)C,10.6
CC=Cc1ccc(O)c(OC)c1,88.8
NNC(=O)c1ccncc1,76.8
CC(C)CCCCCCCCCCCCCCC(=O)O,103.9
C=CC(=O)OCCCCCC(C)C,19.9
CC(=O)OC(C)C,11.2
CC(C)OC=O,13.0
CCCCCCCCCCCCCC(=O)OC(C)C,7.8
Cc1ccc(C(C)C)cc1O,80.5
CCC(C)(CC)c1cc(NC(=O)c2c(OC)cccc2OC)on1,79.6
CO/N=C(/C(=O)OC)c1ccccc1COc1ccccc1C,94.0
O[C@H]([C@@H](O)C(O)=O)C(O)=O,19.0
CCOC(=O)C(C)OC(=O)c1cc(Oc2ccc(C(F)(F)F)cc2Cl)ccc1[N+](=O)[O-],51.8
OC[C@H]1O[C@@H](O[C@H]2[C@H](O)[C@@H](O)[C@H](O)O[C@@H]2CO)[C@H](O)[C@@H](O)[C@H]1O,7.2
CC1(C)[C@H](/C=C(\Cl)C(F)(F)F)[C@@H]1C(=O)O[C@@H](C#N)c1cccc(Oc2ccccc2)c1,57.4
CC(C)=CCC[C@](C)(O)[C@@H]1CC=C(C)CC1,41.0
C#C[C@]1(O)CCC2C3CCC4=CC(=O)CCC4C3CC[C@@]21CC,18.0
C=CC(C)(O)CCC=C(C)C,13.0
C=CC(C)(CCC=C(C)C)OC(C)=O,15.4
CCCCC/C=C\C/C=C\CCCCCCCC(=O)O,74.5
CON(C)C(=O)Nc1ccc(Cl)c(Cl)c1,60.2
Cc1cccc(O)c1,30.6
Cc1cccc(C)c1,34.2
[O-]C(=O)C1=CC=CC=C1,25.0
CCOC(=O)CC(SP(=S)(OC)OC)C(=O)OCC,75.0
OC(=O)/C=C\C(O)=O,11.5
O=c1ccc(=O)[nH][nH]1,11.9
OC(CC(O)=O)C(O)=O,-18.7
S=C([S-])NCCNC(=S)[S-],64.1
S=C([S-])NCCNC(=S)[S-],37.4
CCCCC(CC)COC(=O)c1ccccc1C(=O)O,99.0
Cc1ccccc1C(=O)Nc1cccc(OC(C)C)c1,59.8
CC[C@H](c1ccc(O)cc1)[C@@H](CC)c1ccc(O)cc1,102.0
CS(=O)(=O)c1ccc(C(=O)C2C(=O)CCCC2=O)c([N+](=O)[O-])c1,75.8
COCC(=O)N(c1c(C)cccc1C)C(C)C(=O)OC,19.9
CC1(C)CCC(Cc2ccc(Cl)cc2)C1(O)Cn1cncn1,31.7
C=C(C)C(N)=O,9.2
C=C(C)C#N,3.5
CCC(=O)C(CC(C)N(C)C)(c1ccccc1)c1ccccc1,-4.6
COP(N)(=O)SC,17.4
C1N2CN3CN1CN(C2)C3,21.7
COc1nn(CSP(=S)(OC)OC)c(=O)s1,73.9
Cn1cc[nH]c1=S,60.3
CNC(=O)ON=C(C)SC,19.4
COc1ccc(C(c2ccc(OC)cc2)C(Cl)(Cl)Cl)cc1,23.8
COc1cccc(C(=O)NN(C(=O)c2cc(C)cc(C)c2)C(C)(C)C)c1C,86.0
COC(=O)c1c(C)cc(O)c(C)c1O,96.9
CCCCCCCCCC(=O)OC,20.2
CCCCCC1C(=O)CCC1CC(=O)OC,20.9
CCCCCCCCCCCC(=O)OC,32.1
CCCCCCCC(=O)OC,15.7
COP(=S)(OC)Oc1ccc([N+](=O)[O-])cc1,92.6
CN(C)c1ccc(/N=N/c2ccccc2C(=O)O)cc1,109.1
COC(=O)c1ccccc1O,33.2
CC(=O)C=Cc1ccccc1,27.3
CN(C)c1ccc2nc3ccc(N(C)C)cc3[s+]c2c1,49.3
C=CCc1ccc(OC)c(OC)c1,59.5
CCC(=O)C=CC1C(C)=CCCC1(C)C,49.8
COC(=O)c1ccc(O)cc1,51.5
CSc1nnc(C(C)(C)C)c(=O)n1N,10.7
ClC1(Cl)C2(Cl)C3(Cl)C4(Cl)C(Cl)(Cl)C5(Cl)C3(Cl)C1(Cl)C5(Cl)C24Cl,17.6
CCCCc1ccc2c(n1)[C@@H](c1ccc(OC)cc1C[C@H](C)C(=O)[O-])[C@H](C(=O)[O-])[C@H]2c1ccc2c(c1)OCO2,69.3
CCn1nc(Cc2ccccc2)cc1C1CCN(C[C@H]2C[C@H](N(C)[C@@H](C(=O)O)C(C)C)C[C@@H]2c2cccc(F)c2)CC1,9.6
CO[C@@H]1COCC[C@@H]1[NH2+][C@@H]1CC[C@@](C(=O)N2CCc3ncc(C(F)(F)F)cc3C2)(C(C)C)C1,20.9
CCSC(=O)N1CCCCCC1,11.8
O=C(C(Cl)Cl)N1CCOC12CCCCC2,10.5
CNC(=O)/C=C(\C)OP(=O)(OC)OC,8.0
COC(=O)c1ccccc1C(=O)O,16.0
O=C([O-])c1ccccc1C(=O)O,84.3
CCCCCCCCCCCCCOP(=O)(O)O,104.9
CN(C)C(=O)Nc1ccc(Cl)cc1,12.9
C1COCCN1,-2.4
CCC(=O)Nc1ccc(Cl)c(Cl)c1,58.0
O=C(NC(=O)c1c(F)cccc1F)Nc1cc(Cl)c(OC(F)(F)C(F)C(F)(F)F)cc1Cl,86.4
CCCCNS(=O)(=O)c1ccccc1,17.8
CCCCCCCCCCCC(=O)N(C)CC(=O)O,85.9
CCNS(=O)(=O)C(F)(F)C(F)(F)C(F)(F)C(F)(F)C(F)(F)C(F)(F)C(F)(F)C(F)(F)F,94.7
CN1CCCC1=O,7.9
CNC(C)=O,20.5
CN(N=O)C(N)=O,0.8
CCCN(CCC)N=O,8.9
CCN(CC)N=O,7.3
CN(C)N=O,-12.8
O=NN(c1ccccc1)c1ccccc1,86.7
Nc1ccc(Nc2ccccc2)cc1,90.1
CCN(CC)CCO,12.7
CCCCCCCCCC[N+](C)(C)[O-],9.3
CCCCCCCC(=O)N(C)C,13.0
O=CNC(N1CCN(C(NC=O)C(Cl)(Cl)Cl)CC1)C(Cl)(Cl)Cl,-4.8
CCCCNC(=S)NCCCC,20.0
CCNC(=S)NCC,5.4
C=CC(=O)NCNC(=O)C=C,50.3
c1ccc2ccccc2c1,34.8
COc1ccc(S(=O)(=O)N2C(=O)[C@@](c3ccccc3OC)(N3C[C@H](O)C[C@H]3C(=O)N(C)C)c3cc(Cl)ccc32)c(OC)c1,21.8
CCC(C)(CCC(C)C)C(=O)O,38.0
C=CC(C)(O)CCC=C(C)CCC=C(C)C,75.4
COc1cc(OC)nc(NC(=O)NS(=O)(=O)c2ncccc2C(=O)N(C)C)n1,17.7
OC(=O)C1=CC=CN=C1,9.9
Clc1cccc(C(Cl)(Cl)Cl)n1,76.0
O=C(O)CN(CC(=O)O)CC(=O)O,2.5
O=[N+]([O-])c1ccccc1,56.1
O=[N+]([O-])c1ccc(Oc2ccc(Cl)cc2Cl)cc1,68.4
CCCCCCCCC,3.2
O=C(O)CCCCCCCC(=O)O,20.8
CCCCCCCCC(=O)O,94.0
CC(Cc1ccc(O)c(O)c1)C(C)Cc1ccc(O)c(O)c1,108.6
C#C[C@]1(O)CCC2C3CCC4=CC(=O)CCC4C3CC[C@@]21C,15.8
CNc1cnn(-c2cccc(C(F)(F)F)c2)c(=O)c1Cl,48.0
Cc1cc(N=Nc2ccccc2C)ccc1N,111.0
Cc1ccccc1O,47.4
Clc1ccc(C(c2ccccc2Cl)C(Cl)(Cl)Cl)cc1,22.5
CCCCCCCCOc1ccc(C(=O)c2ccccc2)c(O)c1,92.7
C[Si]1(C)O[Si](C)(C)O[Si](C)(C)O[Si](C)(C)O1,-1.3
CCCCCCCC=O,-4.9
CCCCCCCC(O)=O,80.5
CCCCCCCCn1sccc1=O,40.3
CC(C)(C)CC(C)(C)c1ccc(O)c(-n2nc3ccccc3n2)c1,49.2
CCCCCCCCOC(C)=O,15.0
CCCCCCCCCCOC(=O)c1ccccc1C(=O)OCCCCCCCC,28.0
CCCCCCCCOC(=O)c1ccc(O)cc1,96.7
CCCCCCCC/C=C\CCCCCCCC(O)=O,98.2
OC(=O)C(O)=O,18.5
CNC(=O)ON=C(SC)C(=O)N(C)C,23.9
O=C1Nc2ccc(Cl)cc2C(c2ccccc2)=NC1O,23.5
CCOc1cc(Oc2ccc(C(F)(F)F)cc2Cl)ccc1[N+](=O)[O-],59.8
Clc1ccc(C(c2ccc(Cl)cc2)C(Cl)Cl)cc1,19.9
ClC(Cl)=C(c1ccc(Cl)cc1)c1ccc(Cl)cc1,23.8
CC(C)(C)[C@@H](O)[C@@H](Cc1ccc(Cl)cc1)n1cncn1,30.4
CCOP(=O)(OCC)Oc1ccc([N+](=O)[O-])cc1,98.8
CCOP(=S)(OCC)Oc1ccc([N+](=O)[O-])cc1,84.1
CCC(CC)Nc1c([N+](=O)[O-])cc(C)c(C)c1[N+](=O)[O-],105.0
COc1cnc(OC)n2nc(NS(=O)(=O)c3c(OCC(F)F)cccc3C(F)(F)F)nc12,26.5
O=[N+]([O-])c1c(Cl)c(Cl)c(Cl)c(Cl)c1Cl,69.7
CCCCCCCCCCCCCCC,4.7
O=[N+]([O-])OCC(CO[N+](=O)[O-])(CO[N+](=O)[O-])CO[N+](=O)[O-],-0.8
CCCCC=O,1.2
O=C(OCCCCCOC(=O)c1ccccc1)c1ccccc1,16.3
CCCCC(O)=O,26.3
CCCCCOC(C)=O,38.3
O=C(O)C(F)(F)C(F)(F)C(F)(F)C(F)(F)C(F)(F)C(F)(F)C(F)(F)C(F)(F)C(F)(F)F,102.9
O=C(O)C(F)(F)C(F)(F)C(F)(F)C(F)(F)C(F)(F)C(F)(F)F,102.2
O=C(O)C(F)(F)C(F)(F)C(F)(F)C(F)(F)C(F)(F)F,96.4
O=C(O)C(F)(F)C(F)(F)C(F)(F)C(F)(F)C(F)(F)C(F)(F)C(F)(F)C(F)(F)F,104.7
NS(=O)(=O)C(F)(F)C(F)(F)C(F)(F)C(F)(F)C(F)(F)C(F)(F)C(F)(F)C(F)(F)F,103.1
O=S(=O)(O)C(F)(F)C(F)(F)C(F)(F)C(F)(F)C(F)(F)C(F)(F)C(F)(F)C(F)(F)F,104.9
O=C(O)C(F)(F)C(F)(F)C(F)(F)C(F)(F)C(F)(F)C(F)(F)C(F)(F)F,103.5
O=C(O)C(F)(F)C(F)(F)C(F)(F)C(F)(F)C(F)(F)C(F)(F)C(F)(F)C(F)(F)C(F)(F)C(F)(F)F,101.4
CC1(C)C(C=C(Cl)Cl)C1C(=O)OCc1cccc(Oc2ccccc2)c1,30.4
COc1ccc(/C=C/S(=O)(=O)[N-]C(=O)c2ccc(C)cc2Cl)cc1,88.8
COC(=O)Nc1cccc(OC(=O)Nc2cccc(C)c2)c1,40.7
CCC1(c2ccccc2)C(=O)N=C([O-])NC1=O,7.1
Oc1ccccc1,11.1
O=S1(=O)OC(c2ccc(O)cc2)(c2ccc(O)cc2)c2ccccc21,103.1
O=C1OC(c2ccc(O)cc2)(c2ccc(O)cc2)c2ccccc21,100.2
O=C(O)c1ccccc1C(c1ccc(O)cc1)c1ccc(O)cc1,97.3
O=S(=O)(O)c1ccccc1O,19.1
ClP(Cl)c1ccccc1,11.2
O=C(Oc1ccccc1)c1ccccc1O,96.0
O=CCc1ccccc1,55.8
CC(=O)O[Hg]c1ccccc1,4.2
O=C(Oc1ccccc1)c1ccc(O)cc1,105.3
CCOP(=S)(OCC)SCSCC,79.7
CCOP(=S)(OCC)SCn1c(=O)oc2cc(Cl)ccc21,40.2
COP(=S)(OC)SCN1C(=O)c2ccccc2C1=O,55.7
OP(O)(O)=O,14.6
CCOP(=S)(OCC)ON=C(C#N)c1ccccc1,99.2
O=C1NC(=O)c2ccccc21,15.9
Nc1c(Cl)c(Cl)nc(C(=O)O)c1Cl,55.1
CCc1ccc(CCOc2ccc(CC3SC(=O)NC3=O)cc2)nc1,88.7
CS(=O)(=O)c1ccc([C@@H](C[C@H]2CCC(=O)C2)C(=O)Nc2cnccn2)cc1Cl,8.9
Cc1nc(N(C)C)nc(OC(=O)N(C)C)c1C,23.3
CCCCCCCC/C=C\CCCCCCCC(=O)OCCO,53.8
C[Si](C)=O,77.8
CC(O)COC(C)CO,8.9
[O-][Cl+2]([O-])[O-],4.8
O=S(=O)([O-])C(F)(F)C(F)(F)C(F)(F)C(F)(F)F,99.4
O=S(=O)([O-])C(F)(F)C(F)(F)C(F)(F)C(F)(F)C(F)(F)C(F)(F)F,102.4
O=S(=O)([O-])C(F)(F)C(F)(F)C(F)(F)C(F)(F)C(F)(F)C(F)(F)C(F)(F)C(F)(F)F,104.3
CC[C@H](C)C(=O)O[C@H]1C[C@H](O)C=C2C=C[C@H](C)[C@H](CC[C@@H](O)C[C@@H](O)CC(=O)[O-])[C@H]21,1.1
CC(=O)[C@H]1[C@H](C#N)CC2C3CC=C4C[C@@H](O)CC[C@]4(C)C3CC[C@@]21C,-24.9
CC12CC1(C)C(=O)N(c1cc(Cl)cc(Cl)c1)C2=O,54.3
CCCSP(=O)(OCC)Oc1ccc(Br)cc1Cl,97.1
CC(=O)[C@H]1CCC2C3CCC4=CC(=O)CC[C@]4(C)C3CC[C@@]21C,16.5
CCCOC(=O)NCCCN(C)C,19.7
C#CCOS(=O)OC1CCCCC1Oc1ccc(C(C)(C)C)cc1,50.1
CCNP(=S)(OC)O/C(C)=C/C(=O)OC(C)C,74.6
CC(C)c1cccc(C(C)C)c1O,65.9
CNC(=O)Oc1ccccc1OC(C)C,15.2
CC1COC(=O)O1,11.4
CCCOC(=O)c1ccc(O)cc1,96.8
C#CC(C)(C)NC(=O)c1cc(Cl)cc(Cl)c1,64.8
CC1=NNC(=O)N(/N=C/c2cccnc2)C1,3.1
O=C(O)C1=NN(c2ccc(S(=O)(=O)O)cc2)C(=O)C1,36.9
CCc1nc(N)nc(N)c1-c1ccc(Cl)cc1,43.6
CC(COc1ccc(Oc2ccccc2)cc1)Oc1ccccn1,44.7
COc1cc(OC)nc(Sc2cccc(Cl)c2C(=O)[O-])n1,66.3
O=C(O)c1c(Cl)ccc2cc(Cl)cnc12,18.7
c1ccc2ncccc2c1,34.3
C=C(C)[C@@H]1CC=C(C)C(=O)C1,24.0
CC/N=c1\cc2oc3cc(NCC)c(C)cc3c(-c3ccccc3C(=O)OCC)c-2cc1C,91.8
O=C(CCCCCCCCc1cccnc1)N1CCC(C=C(c2ccccc2)c2ccccc2)CC1,-38.3
Cn1c([N+](=O)[O-])cnc1COC(N)=O,9.7
CC(C)Nc1nc(N)nc(Cl)n1,15.8
OC(=O)C1=C(O)C=CC=C1,55.9
CCOC(=O)c1ccc([C@H]2CC[C@H](NC[C@H](O)COc3ccc(O)c(NS(C)(=O)=O)c3)CC2)cc1,61.4
Cc1nc(-c2ccc3c(c2)CCN(CCC2CCC(NC(=O)/C=C/c4ccc(F)cc4)CC2)CC3)no1,-24.0
CCC/C(=N\OCC)C1=C(O)CC(CC(C)SCC)CC1=O,55.5
[O-]n1ccccc1=S,3.5
CC(C)COC(=O)CC(C(=O)OCC(C)C)S(=O)(=O)[O-],66.3
[S-]c1nc2ccccc2s1,96.3
Cc1ccccc1S(=O)(=O)[O-],10.8
Cc1ccc(C)c(S(=O)(=O)[O-])c1,34.7
CC1=CC=C(S(=O)(=O)[O-])C=C1,16.6
CCCCCCCCc1ccc(S(=O)(=O)[O-])cc1,101.3
[N-]=[N+]=[N-],6.3
[O-][Cl+][O-],6.0
O=C([O-])CCl,9.3
CCCCCCCCCCOS(=O)(=O)[O-],98.9
CC1=CC(=O)/C(=C(\C)[O-])C(=O)O1,41.7
O=c1nc([O-])n(Cl)c(=O)n1Cl,13.8
O=c1nc([O-])n(Cl)c(=O)n1Cl,15.9
CN(C)C(=S)[S-],50.3
CCCCCCCCCCCCOS([O-])(=O)=O,102.3
CCCCCCCCCCCCc1ccccc1S(=O)(=O)[O-],102.5
CCCCC(CC)COS(=O)(=O)[O-],81.3
O=C([O-])CF,8.1
CCCCCCCCCCCCCCCCOS(=O)(=O)[O-],78.0
Cc1ccc(S(=O)(=O)[O-])c(C)c1,27.8
C=C(C)C(=O)[O-],2.4
COS([O-])(=O)=O,11.3
CCCCCCCCCCCCCCOS(=O)(=O)[O-],98.8
F[B-](F)(F)F,8.5
O=C([O-])C(Cl)(Cl)Cl,0.3
CCCCCCCCCCCCCOS(=O)(=O)[O-],104.5
Cc1ccc(S(=O)(=O)[O-])cc1C,19.4
CCC(C)(C)C(=O)OC1=C(c2ccc(Cl)cc2Cl)C(=O)OC12CCCCC2,42.6
CC(=O)S[C@@H]1CC2=CC(=O)CC[C@]2(C)C2CC[C@@]3(C)C(CC[C@@]34CCC(=O)O4)C21,-5.9
CCCN(CC)CC1COC2(CCC(C(C)(C)C)CC2)O1,16.4
O=C(NC(c1ccccc1)C1CN2CCC1CC2)c1c(Cl)ccc(C(F)(F)F)c1Cl,-45.0
O=C(N[C@@H](c1ccccc1)[C@@H]1CCCCN1)c1cccc(C(F)(F)F)c1Cl,4.4
COc1cc(C(C)C)c2c(c1)S(=O)(=O)N(COc1cc(=O)n3cccc(OCCN4CCCCC4)c3n1)C2=O,22.0
OCC(O)c1ccccc1,8.5
OC[C@H]1O[C@@](CO)(O[C@H]2O[C@H](CO)[C@@H](O)[C@H](O)[C@H]2O)[C@@H](O)[C@@H]1O,8.1
NS(=O)(=O)O,47.5
O=C(O)CC(C(=O)O)S(=O)(=O)O,5.8
COc1cc(O)c(C(=O)c2ccccc2)cc1S(=O)(=O)O,81.2
O=c1n(Cl)c(=O)n(Cl)c(=O)n1Cl,27.1
O=C(OCC1OC(OC(=O)c2cc(O)c(O)c(OC(=O)c3cc(O)c(O)c(O)c3)c2)C(OC(=O)c2cc(O)c(O)c(OC(=O)c3cc(O)c(O)c(O)c3)c2)C(OC(=O)c2cc(O)c(O)c(OC(=O)c3cc(O)c(O)c(O)c3)c2)C1OC(=O)c1cc(O)c(O)c(OC(=O)c2cc(O)c(O)c(O)c2)c1)c1cc(O)c(O)c(OC(=O)c2cc(O)c(O)c(O)c2)c1,94.0
CC(C)(C)C(O)(CCc1ccc(Cl)cc1)Cn1cncn1,25.5
CCc1nn(C)c(C(=O)NCc2ccc(C(C)(C)C)cc2)c1Cl,24.5
COP(=S)(OC)Oc1ccc(Sc2ccc(OP(=S)(OC)OC)cc2)cc1,101.6
CCC(=NOC/C=C/Cl)C1=C(O)CC(C2CCOCC2)CC1=O,12.4
Cc1[nH]c(=O)n(C(C)(C)C)c(=O)c1Cl,14.6
CCOP(=S)(OCC)SCSC(C)(C)C,75.3
CCNc1nc(Cl)nc(NC(C)(C)C)n1,61.0
CC1=CCC(C(C)(C)O)CC1,3.6
CC1=CCC(=C(C)C)CC1,19.0
CCC(=O)OC(C)(C)C1CC=C(C)CC1,11.6
CC(=O)OC(C)(C)C,-0.7
CC(C)(C)OOC(=O)c1ccccc1,21.4
CC(C)(C)N,9.9
CC(C)(C)c1ccccc1,-1.2
CCCCCCC(C)(C)S,11.2
CCC(=O)O[C@H]1CC[C@H]2[C@@H]3CCC4=CC(=O)CC[C@]4(C)[C@H]3CC[C@]12C,31.3
O=C(O)Cc1cc(I)c(Oc2cc(I)c(O)c(I)c2)c(I)c1,105.0
FC(F)C(F)(F)OCC(Cn1cncn1)c1ccc(Cl)cc1Cl,72.3
CCN(CC)C(=S)SSC(=S)N(CC)CC,55.2
OCC1CCCO1,7.8
c1ccc2c(c1)CCCC2,8.9
CC(C)=CC1C(C(=O)OCN2C(=O)C3=C(CCCC3)C2=O)C1(C)C,28.1
CCCO[Si](OCCC)(OCCC)OCCC,10.3
O=C1CCC(N2C(=O)c3ccccc3C2=O)C(=O)N1,-9.0
Cn1c(=O)c2[nH]cnc2n(C)c1=O,9.4
c1ccc2[nH]c(-c3cscn3)nc2c1,21.8
CN1COCN(Cc2cnc(Cl)s2)C1=N[N+](=O)[O-],1.0
COC(=O)c1c(C(F)F)nc(C(F)(F)F)c(C2=NCCS2)c1CC(C)C,26.2
O=C(Nc1ccccc1)Nc1cnns1,46.3
CCN(CC)C(=O)SCc1ccc(Cl)cc1,40.6
NNC(=S)NN,34.1
CSC(C)=NOC(=O)N(C)SN(C)C(=O)ON=C(C)SC,67.1
CCOC(=O)NC(=S)Nc1ccccc1NC(=S)NC(=O)OCC,36.9
COC(=O)NC(=S)Nc1ccccc1NC(=S)NC(=O)OC,48.3
Cc1cc(Cl)ccc1OCCCC(=O)O,99.3
Cc1ccc(C(C)C)c(O)c1,59.3
O=C(O)Cc1cc(I)c(Oc2ccc(O)c(I)c2)c(I)c1,105.0
Cc1ccc(S(=O)(=O)NC(=O)NN2CCCCCC2)cc1,12.8
Cc1cccc2n[nH]nc12,44.2
CC(=O)c1cc2c(cc1C)C(C)(C)C(C)CC2(C)C,29.1
Cc1c(C(=O)c2c[nH]n(C)c2=O)ccc(S(C)(=O)=O)c1C1=NOCC1,7.5
NC(=O)Cn1c(=O)cc(CCN2CCN(c3nccc4sccc34)CC2)c2ccc(F)cc21,-4.2
CCCCCCCCOC(=O)c1ccc(C(=O)OCCCCCCCC)c(C(=O)OCCCCCCCC)c1,3.3
CC(=O)OCC(COC(C)=O)OC(C)=O,4.2
CC(C)(C)C(=O)C(Oc1ccc(Cl)cc1)n1cncn1,4.7
CC(C)(C)C(O)C(Oc1ccc(Cl)cc1)n1cncn1,10.4
C[C@]12C=CC(=O)C=C1CCC1C3C[C@@H](O)[C@](O)(C(=O)CO)[C@@]3(C)C[C@H](O)[C@@]12F,2.0
CCCCSP(=O)(SCCCC)SCCCC,51.2
CCCCOP(=O)(OCCCC)OCCCC,1.5
CCCCN(CCCC)CCCC,38.5
COP(=O)(OC)C(O)C(Cl)(Cl)Cl,20.8
O=C(O)C(Cl)(Cl)Cl,-0.9
O=C(O)COc1nc(Cl)c(Cl)cc1Cl,93.9
Oc1cc(Cl)ccc1Oc1ccc(Cl)cc1Cl,106.0
OCCN(CCO)CCO,5.9
CCOC(=O)CC(O)(CC(=O)OCC)C(=O)OCC,14.7
CCOP(=O)(OCC)OCC,6.6
OCCOCCOCCO,6.3
CCCCC(CC)C(=O)OCCOCCOCCOC(=O)C(CC)CCCC,7.4
CC(=O)OCCOCCOCCOC(C)=O,12.6
CO/N=C(/C(=O)OC)c1ccccc1CO/N=C(\C)c1cccc(C(F)(F)F)c1,65.4
COc1cc(OC)nc(NC(=O)[N-]S(=O)(=O)c2ncccc2OCC(F)(F)F)n1,30.5
CCCOC/C(=N\c1ccc(Cl)cc1C(F)(F)F)n1ccnc1,94.9
CCCN(CCC)c1c([N+](=O)[O-])cc(C(F)(F)F)cc1[N+](=O)[O-],89.2
CC(C)CCCCCCCOC(=O)c1ccc(C(=O)OCCCCCCCC(C)C)c(C(=O)OCCCCCCCC(C)C)c1,43.0
CC(C)CCCCCCOC(=O)c1ccc(C(=O)OCCCCCCC(C)C)c(C(=O)OCCCCCCC(C)C)c1,3.2
CO[Si](OC)(OC)c1ccccc1,23.4
CCC[Si](OC)(OC)OC,13.5
COP(=O)(OC)OC,3.9
CN(C)C,1.6
CCOC(=O)C1CC(=O)C(=C(O)C2CC2)C(=O)C1,14.8
O=P(Oc1ccccc1)(Oc1ccccc1)Oc1ccccc1,79.5
c1ccc(OP(Oc2ccccc2)Oc2ccccc2)cc1,26.9
c1ccc(P(c2ccccc2)c2ccccc2)cc1,17.6
CC(O)COC(C)COC(C)CO,13.4
COC(C)COC(C)COC(C)CO,96.7
O=P(OC(CCl)CCl)(OC(CCl)CCl)OC(CCl)CCl,-4.5
CCCCOCCOP(=O)(OCCOCCCC)OCCOCCCC,28.5
O=P(OCCCl)(OCCCl)OCCCl,-17.6
ClCCOP(OCCCl)OCCCl,6.1
CC(CCl)OP(=O)(OC(C)CCl)OC(C)CCl,14.5
O=P(OCC(Br)CBr)(OCC(Br)CBr)OCC(Br)CBr,21.4
O=c1n(CC2CO2)c(=O)n(CC2CO2)c(=O)n1CC1CO1,6.3
Cc1ccccc1OP(=O)(Oc1ccccc1C)Oc1ccccc1C,63.7
CC1(C)CCC(=Cc2ccc(Cl)cc2)C1(O)Cn1cncn1,15.9
Cc1c(C)c2c(c(C)c1O)CCC(C)(COc1ccc(CC3SC(=O)NC3=O)cc1)O2,99.0
COCc1nnc(-c2ccc[n+]([O-])c2)n1-c1c(Cl)c(Cl)cc2[nH]c(=O)c(=O)[nH]c12,-0.8
CCCOc1ccc(S(=O)(=O)N2CCN(CC)CC2)cc1-c1nc2c(CC)n(Cc3ccccn3)nc2c(=O)[nH]1,18.8
CSc1ccc(Oc2ccc(S(N)(=O)=O)cc2CN(C)C)cc1C,15.4
CCCCCCCCCCC,4.9
CCOC(N)=O,26.9
C=CN1CCCC1=O,-17.6
COc1cccc([C@H](O)C2CCN(CCc3ccc(F)cc3)CC2)c1OC,-16.9
CC(=O)CC(c1ccccc1)c1c(O)c2ccccc2oc1=O,93.2
C[C@H]1CCCC(=O)CCC/C=C/c2cc(O)cc(O)c2C(=O)O1,28.1
O=C(O)Cn1c(=O)n(Cc2ccc(Br)cc2F)c(=O)c2ccc(Cl)cc21,59.0
CN(C)C(=S)[S-],29.9
