SMILES,activity,cSMILES
CC1(C)[C@@H]2C[C@H]1C(=C)CC2,12.3,C=C1CC[C@H]2C[C@@H]1C2(C)C
COC(=O)C(C)OC1=CC=C(OC2=CC=C(Cl)C=C2Cl)C=C1,94.1,COC(=O)C(C)Oc1ccc(Oc2ccc(Cl)cc2Cl)cc1
CCCCCCCCCCCCCC(=O)OCC(O)CO,38.1,CCCCCCCCCCCCCC(=O)OCC(O)CO
CC(=O)O[C@@H]1C[C@@H]2CC[C@@]1(C)C2(C)C,11.8,CC(=O)O[C@@H]1C[C@@H]2CC[C@@]1(C)C2(C)C
CCCCCCCCCC=CCC1CC(=O)OC1=O,98.4,CCCCCCCCCC=CCC1CC(=O)OC1=O
CCC/C=C/C=O,52.2,CCC/C=C/C=O
CC1=NN(CO)C(C)=C1,32.8,Cc1cc(C)n(CO)n1
CC/C=C\CCOC(C)=O,14.0,CC/C=C\CCOC(C)=O
CCCCC/C=C\CCC=O,69.6,CCCCC/C=C\CCC=O
C/C=C/C=C/CCCCCCCO,61.9,C/C=C/C=C/CCCCCCCO
C[C@H](CCO)CCC=C(C)C,38.8,CC(C)=CCC[C@H](C)CCO
CC/C=C\CCO,19.0,CC/C=C\CCO
CC1=C(C)C(NC2=NC(SCC(O)=O)=NC(Cl)=C2)=CC=C1,94.3,Cc1cccc(Nc2cc(Cl)nc(SCC(=O)O)n2)c1C
ClC(Cl)C(C1=CC=C(Cl)C=C1)C2=C(Cl)C=CC=C2,28.0,Clc1ccc(C(c2ccccc2Cl)C(Cl)Cl)cc1
CC1(C)N(CO)C(=O)NC1=O,3.9,CC1(C)C(=O)NC(=O)N1CO
COC1=CC2=C(C=C1)N(C(=O)C3=CC=C(Cl)C=C3)C(C)=C2CC(O)=O,101.7,COc1ccc2c(c1)c(CC(=O)O)c(C)n2C(=O)c1ccc(Cl)cc1
CCO[Si](CCCNC(N)=O)(OCC)OCC,-29.5,CCO[Si](CCCNC(N)=O)(OCC)OCC
CC(O)CN,5.5,CC(O)CN
CC1(C)N(Br)C(=O)N(Cl)C1=O,33.5,CC1(C)C(=O)N(Cl)C(=O)N1Br
FC(F)(F)C1=CC=C(Cl)C=C1,8.9,FC(F)(F)c1ccc(Cl)cc1
[O-][N+](=O)C1=CC=C(Cl)C=C1,28.0,O=[N+]([O-])c1ccc(Cl)cc1
CCCCCCCCCCN,10.1,CCCCCCCCCCN
CCCCCCCCCCO,69.5,CCCCCCCCCCO
CCCCCCCCCCCCS,5.1,CCCCCCCCCCCCS
CCCCCCCCCCCCO,71.3,CCCCCCCCCCCCO
CCCCCCCCCCCCN1CCCC1=O,29.7,CCCCCCCCCCCCN1CCCC1=O
CCOCC(C)O,3.0,CCOCC(C)O
CCCCCCCCCCCCCCCCO,-22.4,CCCCCCCCCCCCCCCCO
CCCCCCO,10.5,CCCCCCO
COCC(C)O,7.9,COCC(C)O
CCC(C)(C)C1CCC(CC1)OC,34.2,CCC(C)(C)C1CCC(OC)CC1
CN1C=C(C(=O)C(=C1)C2=CC(=CC=C2)C(F)(F)F)C3=CC=CC=C3,23.8,Cn1cc(-c2ccccc2)c(=O)c(-c2cccc(C(F)(F)F)c2)c1
CC1=C2C=CC=CC2=CC=C1,24.8,Cc1cccc2ccccc12
CCCCCCCCCCCC(=O)OCC(O)CO,52.4,CCCCCCCCCCCC(=O)OCC(O)CO
OC(=O)CC1=C2C=CC=CC2=CC=C1,63.0,O=C(O)Cc1cccc2ccccc12
OC1=CC=CC2=CC=CC=C12,90.3,Oc1cccc2ccccc12
CCCCCCCCO,35.1,CCCCCCCCO
CCCCCC(O)C=C,14.7,C=CC(O)CCCCC
CCCCCCCCN1CCCC1=O,19.5,CCCCCCCCN1CCCC1=O
CC(O)COC1=CC=CC=C1,9.9,CC(O)COc1ccccc1
O=C1C=CC(=O)N1C2=CC=CC=C2,55.0,O=C1C=CC(=O)N1c1ccccc1
NC(=O)NC1=CC=CC=C1,11.8,NC(=O)Nc1ccccc1
CCCOCC(C)O,6.4,CCCOCC(C)O
CCCCCCCCCCCCC=C,9.6,C=CCCCCCCCCCCCC
CCCCCCCCCCCCCO,46.3,CCCCCCCCCCCCCO
CC(C1=CC=C(C)C(C)=C1)C2=CC=C(C)C(C)=C2,41.1,Cc1ccc(C(C)c2ccc(C)c(C)c2)cc1C
C[SiH](O[Si](C)(C)C)O[Si](C)(C)C,10.6,C[SiH](O[Si](C)(C)C)O[Si](C)(C)C
CC(O)CN(CCN(CC(C)O)CC(C)O)CC(C)O,3.3,CC(O)CN(CCN(CC(C)O)CC(C)O)CC(C)O
C1=CC2=C(N=C1)C3=C(C=CC=N3)C=C2,46.1,c1cnc2c(c1)ccc1cccnc12
O=CC1=CC=CC=C1C=O,98.0,O=Cc1ccccc1C=O
CC(C)CCCCCCCOC(=O)C1=CC=CC=C1C(=O)OCCCCCCCC(C)C,-5.7,CC(C)CCCCCCCOC(=O)c1ccccc1C(=O)OCCCCCCCC(C)C
O(C[C@@H]([C@H](CCC)CC)CCC)C(=O)C=1C(C(OCCCCCCCCCCCC)=O)=CC=CC1,6.1,CCCCCCCCCCCCOC(=O)c1ccccc1C(=O)OC[C@H](CCC)[C@@H](CC)CCC
OC1=C(O)C=CC=C1,34.4,Oc1ccccc1O
BrCCBr,13.4,BrCCBr
FC(F)(F)C1=CC=C(Cl)C(Cl)=C1,8.3,FC(F)(F)c1ccc(Cl)c(Cl)c1
ClC1=C(Cl)C=CC=C1,20.8,Clc1ccccc1Cl
CC1=CC=CC(=C1C)[N+]([O-])=O,56.0,Cc1cccc([N+](=O)[O-])c1C
[O-][N+](=O)C1=C(C=CC=C1)[N+]([O-])=O,60.9,O=[N+]([O-])c1ccccc1[N+](=O)[O-]
C(COC1=CC=CC=C1)OC2=CC=CC=C2,23.4,c1ccc(OCCOc2ccccc2)cc1
O=C(CC1=CC=CC=C1)C2=CC=CC=C2,63.1,O=C(Cc1ccccc1)c1ccccc1
I.I.NCCN,13.4,NCCN
CCCCOC(CC)O,10.2,CCCCOC(O)CC
CC(O)CO,-6.8,CC(O)CO
O=C1NC(=O)C2CC=CCC12,5.3,O=C1NC(=O)C2CC=CCC12
ClC1=CC(Cl)=C(Cl)C=C1,7.5,Clc1ccc(Cl)c(Cl)c1
CC1=CC(C)=C(C)C=C1,17.8,Cc1ccc(C)c(C)c1
ClC1=CC(Cl)=C(Cl)C=C1Cl,1.5,Clc1cc(Cl)c(Cl)cc1Cl
CC1=CC(C)=C(C)C=C1C,14.1,Cc1cc(C)c(C)cc1C
ClC(=O)C1=CC(=CC=C1)C(Cl)=O,36.8,O=C(Cl)c1cccc(C(=O)Cl)c1
CC(O)CCO,-5.8,CC(O)CCO
C1C=CC=C1,10.9,C1=CCC=C1
Cl.ClC1=CC2=C(CN3CCCCCC3=N2)C(Cl)=C1,8.2,Clc1cc(Cl)c2c(c1)N=C1CCCCCN1C2
ClC1=CC(Cl)=CC=C1,6.5,Clc1cccc(Cl)c1
[O-][N+](=O)C1=CC(=CC=C1)[N+]([O-])=O,11.1,O=[N+]([O-])c1cccc([N+](=O)[O-])c1
O=C(CC(=O)C1=CC=CC=C1)C2=CC=CC=C2,71.3,O=C(CC(=O)c1ccccc1)c1ccccc1
CCN1CN(CC)CN(CC)C1,0.2,CCN1CN(CC)CN(CC)C1
CC(C)C1=CC(=CC(=C1)C(C)C)C(C)C,-31.8,CC(C)c1cc(C(C)C)cc(C(C)C)c1
C[Si]1(O[Si](C)(O[Si](C)(O[Si](C)(O1)C=C)C=C)C=C)C=C,99.7,C=C[Si]1(C)O[Si](C)(C=C)O[Si](C)(C=C)O[Si](C)(C=C)O1
NC1=CC=C(N)C=C1,108.1,Nc1ccc(N)cc1
OC(=O)C1CCC(CC1)C(O)=O,20.8,O=C(O)C1CCC(C(=O)O)CC1
NC1=CC=C(N)C2=C1C(=O)C3=CC=CC=C3C2=O,69.5,Nc1ccc(N)c2c1C(=O)c1ccccc1C2=O
ClC1=CC=C(Cl)C=C1,-12.7,Clc1ccc(Cl)cc1
CC1=CC=C(C)C2=C1C=CC=C2,55.0,Cc1ccc(C)c2ccccc12
C\1C/C=C/CC/C=C/CC/C=C1,10.5,C1=C/CC/C=C/CC/C=C/CC/1
NCCCCCCN,-5.1,NCCCCCCN
CC12CCC(CC1)C(C)(C)O2,12.9,CC12CCC(CC1)C(C)(C)O2
OC(=O)CCCCCCCCC=C,92.6,OC(=O)CCCCCCCCC=C
CCCCCC(=O)O[C@@]1(CC[C@H]2[C@@H]3CCC4=CC(=O)CC[C@]4(C)[C@H]3CC[C@]12C)C(C)=O,29.0,CCCCCC(=O)O[C@]1(C(C)=O)CC[C@H]2[C@@H]3CCC4=CC(=O)CC[C@]4(C)[C@H]3CC[C@@]21C
C[C@]12CC[C@H]3[C@@H](CCC4=C3C=CC(O)=C4)[C@@H]1CC[C@H]2O,46.8,C[C@]12CC[C@@H]3c4ccc(O)cc4CC[C@H]3[C@@H]1CC[C@H]2O
C12CC[C@@](O)(C#C)[C@@]1(C)CCC3C4=C(CCC23)C=C(O)C=C4,87.9,C#C[C@]1(O)CCC2C3CCc4cc(O)ccc4C3CC[C@@]21C
CC(=O)[C@@]1(O)CC[C@H]2[C@@H]3CCC4=CC(=O)CC[C@]4(C)[C@H]3CC[C@]12C,13.9,CC(=O)[C@@]1(O)CC[C@H]2[C@@H]3CCC4=CC(=O)CC[C@]4(C)[C@H]3CC[C@@]21C
C12CC[C@H](O)[C@@]1(C)CCC3C4=CC=C(O)C=C4CCC23,55.8,C[C@]12CCC3c4ccc(O)cc4CCC3C1CC[C@@H]2O
CCCCOCCOCCO,8.7,CCCCOCCOCCO
CC1=C(OCC(O)=O)C=CC(Cl)=C1,79.4,Cc1cc(Cl)ccc1OCC(=O)O
CCNCCO,5.4,CCNCCO
CC(OC1=CC(Cl)=CC=C1)C(O)=O,38.8,CC(Oc1cccc(Cl)c1)C(=O)O
OCCC(F)(F)C(F)(F)C(F)(F)C(F)(F)C(F)(F)C(F)(F)F,56.8,OCCC(F)(F)C(F)(F)C(F)(F)C(F)(F)C(F)(F)C(F)(F)F
CC(=C)C(=O)OCCC(F)(F)C(F)(F)C(F)(F)C(F)(F)C(F)(F)C(F)(F)F,9.4,C=C(C)C(=O)OCCC(F)(F)C(F)(F)C(F)(F)C(F)(F)C(F)(F)C(F)(F)F
CCOCCOCCOCCO,6.6,CCOCCOCCOCCO
COCCOCCOCCO,6.1,COCCOCCOCCO
OC1=CC=C(C=C1)C(=O)CBr,104.3,O=C(CBr)c1ccc(O)cc1
CCC(C)=NO,-0.8,CCC(C)=NO
CCCCOCCOC(C)=O,8.3,CCCCOCCOC(C)=O
OCC#CCO,11.1,OCC#CCO
ClC=1C=C(C2=CC=CC=C2)C=CC1O,105.7,Oc1ccc(-c2ccccc2)cc1Cl
ClCC=O,8.7,O=CCCl
ClCC(=O)C1=CC=CC=C1,26.0,O=C(CCl)c1ccccc1
OCCCl,10.2,OCCCl
CCCCC(CC)CO,8.6,CCCCC(CC)CO
CCCC(O)C(CC)CO,5.3,CCCC(O)C(CC)CO
CCCC=C(CC)C=O,23.2,CCCC=C(C=O)CC
CCC1=CC=CC(C)=C1N,30.3,CCc1cccc(C)c1N
CCCCC(CC)C(O)=O,-8.2,CCCCC(CC)C(=O)O
CCCCC(CC)COC(C)=O,10.1,CCCCC(CC)COC(C)=O
CCCCC(CC)COP(=O)(OC1=CC=CC=C1)OC2=CC=CC=C2,53.1,CCCCC(CC)COP(=O)(Oc1ccccc1)Oc1ccccc1
CCCCC(CC)COC(=O)CS,58.7,CCCCC(CC)COC(=O)CS
CCC1=C(O)C=CC=C1,68.1,CCc1ccccc1O
CCCCCC(C)=O,13.4,CCCCCC(C)=O
COC1=CC=C(C(=O)C2=CC=CC=C2)C(O)=C1,98.3,COc1ccc(C(=O)c2ccccc2)c(O)c1
CC(=O)C1=CC=CC=C1O,19.1,CC(=O)c1ccccc1O
OCCOC(=O)C=C,17.1,C=CC(=O)OCCO
CCCCCCCCSCCO,75.0,CCCCCCCCSCCO
SC1=NC2=C(S1)C=CC=C2,101.0,Sc1nc2ccccc2s1
COC1=CC=C(C)C=C1N,37.4,COc1ccc(C)cc1N
COCCO,23.3,COCCO
COC1=C(O)C=CC=C1,52.3,COc1ccccc1O
CC(O)CC(C)(C)O,13.1,CC(O)CC(C)(C)O
CC1=C(N)C=CC=C1,30.1,Cc1ccccc1N
Cl.CC1=CC=CC=C1N,39.0,Cc1ccccc1N
CCC(C)COC(=O)CC(C)C,1.6,CCC(C)COC(=O)CC(C)C
CC(CCC#N)C#N,0.2,CC(C#N)CCC#N
CC(C)C#N,4.9,CC(C)C#N
NC1=CC=CC=C1[N+]([O-])=O,95.2,Nc1ccccc1[N+](=O)[O-]
CCCCCCCCCCC(CO)CCCCCCCC,14.0,CCCCCCCCCCC(CO)CCCCCCCC
CCCC(C)=O,11.9,CCCC(C)=O
OCCOC1=CC=CC=C1,3.3,OCCOc1ccccc1
OCCC1=CC=CC=C1,7.4,OCCc1ccccc1
O=C(OCCC1=CC=CC=C1)C2=CC=CC=C2,91.9,O=C(OCCc1ccccc1)c1ccccc1
OC1=C(C=CC=C1)C2=CC=CC=C2,91.7,Oc1ccccc1-c1ccccc1
CCCOCCO,3.0,CCCOCCO
O=C1CCCN1,13.1,O=C1CCCN1
CCC(C)C1CCCCC1=O,9.9,CCC(C)C1CCCCC1=O
CCC1=CC(=C(O)C=C1)C(C)(C)C,87.9,CCc1ccc(O)c(C(C)(C)C)c1
CC1=CC(O)=C(C=C1)C(C)(C)C,66.2,Cc1ccc(C(C)(C)C)c(O)c1
CCCCCCCCCC(C)=O,15.8,CCCCCCCCCC(C)=O
NC(=O)C(Br)(Br)C#N,25.8,N#CC(Br)(Br)C(N)=O
OC1=C(CC2=C(O)C=CC=C2)C=CC=C1,100.9,Oc1ccccc1Cc1ccccc1O
CC1=CC(CC2=CC(C)=CC(=C2O)C(C)(C)C)=C(O)C(=C1)C(C)(C)C,52.3,Cc1cc(Cc2cc(C)cc(C(C)(C)C)c2O)c(O)c(C(C)(C)C)c1
CCC1=CC(CC2=C(O)C(=CC(CC)=C2)C(C)(C)C)=C(O)C(=C1)C(C)(C)C,39.3,CCc1cc(Cc2cc(CC)cc(C(C)(C)C)c2O)c(O)c(C(C)(C)C)c1
CC(C)(C1=CC(Cl)=C(O)C(Cl)=C1)C2=CC(Cl)=C(O)C(Cl)=C2,105.2,CC(C)(c1cc(Cl)c(O)c(Cl)c1)c1cc(Cl)c(O)c(Cl)c1
CC1=C(C)C(O)=CC=C1,67.6,Cc1cccc(O)c1C
CC1=CC=CC(=C1[N+]([O-])=O)[N+]([O-])=O,58.0,Cc1cccc([N+](=O)[O-])c1[N+](=O)[O-]
CC(C)(C1=CC=CC=C1)C2=CC(=C(O)C=C2)C(C)(C)C3=CC=CC=C3,97.6,CC(C)(c1ccccc1)c1ccc(O)c(C(C)(C)c2ccccc2)c1
CC(C)NC1=NC(NC(C)C)=NC(Cl)=N1,30.1,CC(C)Nc1nc(Cl)nc(NC(C)C)n1
ClC1=C(OCC([O-])=O)C=CC(Cl)=C1.[Na+],90.5,O=C([O-])COc1ccc(Cl)cc1Cl
CCCCOCCOC(=O)COC1=C(Cl)C=C(Cl)C=C1,71.8,CCCCOCCOC(=O)COc1ccc(Cl)cc1Cl
C1=CC(=C(C=C1Cl)Cl)OCC(=O)O,86.7,O=C(O)COc1ccc(Cl)cc1Cl
OC(=O)CCCOC1=CC=C(Cl)C=C1Cl,99.4,O=C(O)CCCOc1ccc(Cl)cc1Cl
OC1=CC=C(C(=O)C2=CC=CC=C2)C(O)=C1,107.0,O=C(c1ccccc1)c1ccc(O)cc1O
OC1=C(C=C(C=C1)[N+]([O-])=O)[N+]([O-])=O,108.4,O=[N+]([O-])c1ccc(O)c([N+](=O)[O-])c1
CC1=C(C=C(C=C1)[N+]([O-])=O)[N+]([O-])=O,74.7,Cc1ccc([N+](=O)[O-])cc1[N+](=O)[O-]
OC1=C(Cl)C=C(Cl)C(Cl)=C1,103.4,OC1=C(Cl)C=C(Cl)C(Cl)=C1
OC(=O)COC1=C(Cl)C=C(Cl)C(Cl)=C1,97.1,O=C(O)COc1cc(Cl)c(Cl)cc1Cl
OC1=C(Br)C=C(Br)C=C1Br,105.0,Oc1c(Br)cc(Br)cc1Br
OC1=C(Cl)C=C(Cl)C=C1Cl,100.0,Oc1c(Cl)cc(Cl)cc1Cl
CC1=CC(C)=C(C(O)=O)C(C)=C1,35.7,Cc1cc(C)c(C(=O)O)c(C)c1
CC1=CC(C)=C(O)C(C)=C1,81.7,Cc1cc(C)c(O)c(C)c1
C=CCOC1=NC(OCC=C)=NC(OCC=C)=N1,29.3,C=CCOc1nc(OCC=C)nc(OCC=C)n1
OC1=CC(Cl)=CC=C1Cl,105.0,Oc1cc(Cl)ccc1Cl
CC(C)(C)OOC(C)(C)CCC(C)(C)OOC(C)(C)C,10.0,CC(C)(C)OOC(C)(C)CCC(C)(C)OOC(C)(C)C
CC(C)(C)C1=CC=CC(=C1O)C(C)(C)C,30.0,CC(C)(C)c1cccc(C(C)(C)C)c1O
ClC1=CC=CC(Cl)=C1C#N,77.7,N#Cc1c(Cl)cccc1Cl
CCC1=CC=CC(CC)=C1N,16.2,CCc1cccc(CC)c1N
CN(C)CCCN,11.3,CN(C)CCCN
CCO[Si](CCCN)(OCC)OCC,-19.3,CCO[Si](CCCN)(OCC)OCC
CCC1=CC=CC(O)=C1,59.3,CCc1cccc(O)c1
OC1=CC2=C(CC3=CC=CC=C23)C=C1,85.3,Oc1ccc2c(c1)-c1ccccc1C2
CC(C)C1=CC=CC(O)=C1,78.9,CC(C)c1cccc(O)c1
CC(C)CCOC(C)=O,-18.7,CC(=O)OCCC(C)C
CC1=CC(=CC=C1)[N+]([O-])=O,30.1,Cc1cccc([N+](=O)[O-])c1
COCCOCCC[Si](C)(O[Si](C)(C)C)O[Si](C)(C)C,33.6,COCCOCCC[Si](C)(O[Si](C)(C)C)O[Si](C)(C)C
OC(=O)C1=CC(OC2=CC=CC=C2)=CC=C1,98.8,O=C(O)c1cccc(Oc2ccccc2)c1
CCCC(CC)C1=CC=CC=C1,8.8,CCCC(CC)c1ccccc1
N#CC1=CN=CC=C1,5.5,N#Cc1cccnc1
CC(C)(C)C1=CC=CC(O)=C1,81.7,CC(C)(C)c1cccc(O)c1
CC1CC(O)CC(C)(C)C1,9.8,CC1CC(O)CC(C)(C)C1
CC1CC(CC(C)(C)C1)OC(=O)C2=C(O)C=CC=C2,68.6,CC1CC(OC(=O)c2ccccc2O)CC(C)(C)C1
CC1=CC(=CC=C1N)C2=CC=C(N)C(C)=C2,105.7,Cc1cc(-c2ccc(N)c(C)c2)ccc1N
Cl.Cl.CC1=C(N)C=CC(=C1)C2=CC(C)=C(N)C=C2,107.7,Cc1cc(-c2ccc(N)c(C)c2)ccc1N
CC(C)(C1=CC(Br)=C(O)C(Br)=C1)C2=CC(Br)=C(O)C(Br)=C2,105.8,CC(C)(c1cc(Br)c(O)c(Br)c1)c1cc(Br)c(O)c(Br)c1
C1COC=CC1,12.7,C1=COCCC1
NC1=CC(Cl)=CC(Cl)=C1,93.5,Nc1cc(Cl)cc(Cl)c1
CC(CCO)CC(C)(C)C,28.5,CC(CCO)CC(C)(C)C
CCCCOCCOCCOCCOCCO,5.2,CCCCOCCOCCOCCOCCO
CC(C)=CCCC(C)=CC=O,33.5,CC(C)=CCCC(C)=CC=O
CCC(C)(O)CCCC(C)C,11.3,CCC(C)(O)CCCC(C)C
CCC(C)(CCCC(C)C)OC(C)=O,9.6,CCC(C)(CCCC(C)C)OC(C)=O
CC1=CN([C@H]2C[C@H](N=[N+]=[N-])[C@@H](CO)O2)C(=O)NC1=O,2.0,Cc1cn([C@H]2C[C@H](N=[N+]=[N-])[C@@H](CO)O2)c(=O)[nH]c1=O
CC(C)(C)C1=CC=C(O)C=C1,67.1,CC(C)(C)c1ccc(O)cc1
CC(C)(C)CC(C)(C)C1=CC=C(O)C=C1,94.7,CC(C)(C)CC(C)(C)c1ccc(O)cc1
CCC(C)(C)C1=CC=C(O)C=C1,91.2,CCC(C)(C)c1ccc(O)cc1
CC(=O)C=CC1=C(C)CCCC1(C)C,19.8,CC(=O)C=CC1=C(C)CCCC1(C)C
ClC1=CC=C(CCC(CN2C=NC=N2)(C#N)C3=CC=CC=C3)C=C1,22.8,N#CC(CCc1ccc(Cl)cc1)(Cn1cncn1)c1ccccc1
CCC(C)C1=CC=C(O)C=C1,97.5,CCC(C)c1ccc(O)cc1
CCC(C)(C)C1CCC(=O)CC1,19.8,CCC(C)(C)C1CCC(=O)CC1
NN1C=NN=C1,4.6,Nn1cnnc1
NC1=CC=C(C=C1)C(O)=O,-5.9,Nc1ccc(C(=O)O)cc1
CCOCN1C(=C(C#N)C(Br)=C1C(F)(F)F)C2=CC=C(Cl)C=C2,94.6,CCOCn1c(-c2ccc(Cl)cc2)c(C#N)c(Br)c1C(F)(F)F
CCCCC1=CC=C(Cl)C=C1,15.3,CCCCc1ccc(Cl)cc1
CN(C)S(=O)(=O)N1C(=NC(Cl)=C1C2=CC=C(C)C=C2)C#N,103.3,Cc1ccc(-c2c(Cl)nc(C#N)n2S(=O)(=O)N(C)C)cc1
ClC1=C(C(=C(O[H])C(=C1[H])[H])[H])C([H])([H])[H],85.8,Cc1cc(O)ccc1Cl
ClC1=CC=C(C=C1)C(Cl)(Cl)Cl,98.8,Clc1ccc(C(Cl)(Cl)Cl)cc1
OC1=CC=C(Cl)C=C1,55.3,Oc1ccc(Cl)cc1
OC(=O)COC1=CC=C(Cl)C=C1,34.8,O=C(O)COc1ccc(Cl)cc1
NC(=O)NC1=CC=C(Cl)C=C1,19.0,NC(=O)Nc1ccc(Cl)cc1
CC(C)(C1=CC=CC=C1)C2=CC=C(O)C=C2,103.1,CC(C)(c1ccccc1)c1ccc(O)cc1
O=C1CCC(CC1)C2CCCCC2,53.6,O=C1CCC(C2CCCCC2)CC1
CCCCCCCCCCCCN1CCOCC1,38.8,CCCCCCCCCCCCN1CCOCC1
CCCCCCCCCCCCC1=CC=C(O)C=C1,100.3,CCCCCCCCCCCCc1ccc(O)cc1
CCOC1=CC=C(N)C=C1,7.8,CCOc1ccc(N)cc1
CCC1COC(=O)O1,15.2,CCC1COC(=O)O1
CCCCCCOC1=CC=C(N)C=C1,94.7,CCCCCCOc1ccc(N)cc1
CC(=O)C1=CC=C(O)C=C1,36.7,CC(=O)c1ccc(O)cc1
OC(=O)C1=CC=C(O)C=C1,84.3,O=C(O)c1ccc(O)cc1
CC(C)C1=CC=C(O)C=C1,73.2,CC(C)c1ccc(O)cc1
COC1=CC=C(C=O)C=C1,25.0,COc1ccc(C=O)cc1
CC(C)CC(C)O,12.0,CC(C)CC(C)O
CC(C)=CC(C)=O,34.8,CC(=O)C=C(C)C
CC1=CC=C(C=C)C=C1,13.0,C=Cc1ccc(C)cc1
OC(=O)C1=CC=C(C=C1)[N+]([O-])=O,29.1,O=C(O)c1ccc([N+](=O)[O-])cc1
OC1=CC=C(C=C1)[N+]([O-])=O,103.0,O=[N+]([O-])c1ccc(O)cc1
O=NC1=CC=C(NC2=CC=CC=C2)C=C1,108.9,O=Nc1ccc(Nc2ccccc2)cc1
CC1=CC=C(C=C1)[N+]([O-])=O,18.0,Cc1ccc([N+](=O)[O-])cc1
CCCCCCCCCC1=CC=C(O)C=C1,89.2,CCCCCCCCCc1ccc(O)cc1
CC(C)CCCCCCC1=CC=C(O)C=C1,104.2,CC(C)CCCCCCc1ccc(O)cc1
CCCCCCCCC1=CC=C(O)C=C1,102.5,CCCCCCCCc1ccc(O)cc1
CCCCCC1=CC=C(N)C=C1,89.4,CCCCCc1ccc(N)cc1
OC1=CC=C(C=C1)C2=CC=CC=C2,100.9,Oc1ccc(-c2ccccc2)cc1
CCCC1CCC(=O)CC1,34.9,CCCC1CCC(=O)CC1
CC(C)(C)C1=CC=C(N)C=C1,26.7,CC(C)(C)c1ccc(N)cc1
CC(C)(C)C1=CC=C(S)C=C1,37.9,CC(C)(C)c1ccc(S)cc1
CC(C)(C)C1CCC(=O)CC1,7.2,CC(C)(C)C1CCC(=O)CC1
CC(C)(C)C1=CC=C(OC(=O)C2=C(O)C=CC=C2)C=C1,45.7,CC(C)(C)c1ccc(OC(=O)c2ccccc2O)cc1
CC1=CC=C(C=C1)C(C)(C)C,8.8,Cc1ccc(C(C)(C)C)cc1
CC1=CC=C(C=C1)S(N)(=O)=O,12.8,Cc1ccc(S(N)(=O)=O)cc1
C1OC1C2CCC3OC3C2,8.2,C1CC2OC2CC1C1CO1
CC(CCC(O)=O)(C1=CC=C(O)C=C1)C2=CC=C(O)C=C2,43.3,CC(CCC(=O)O)(c1ccc(O)cc1)c1ccc(O)cc1
CC(C)(C)C1=CC=C(C=C1)C2=CC=C(C=C2)C(C)(C)C,6.1,CC(C)(C)c1ccc(-c2ccc(C(C)(C)C)cc2)cc1
NC1=CC=C(CC2=CC=C(N)C=C2)C=C1,75.3,Nc1ccc(Cc2ccc(N)cc2)cc1
O1CCN(CC1)SSN2CCOCC2,80.8,C1CN(SSN2CCOCC2)CCO1
CN(C)C1=CC=C(CC2=CC=C(C=C2)N(C)C)C=C1,46.2,CN(C)c1ccc(Cc2ccc(N(C)C)cc2)cc1
CC1=C(N)C=CC(CC2=CC(C)=C(N)C=C2)=C1,96.5,Cc1cc(Cc2ccc(N)c(C)c2)ccc1N
NC1=CC=C(OC2=CC=C(N)C=C2)C=C1,90.0,Nc1ccc(Oc2ccc(N)cc2)cc1
OC1=CC=C(C=C1)S(=O)(=O)C2=CC=C(O)C=C2,87.7,O=S(=O)(c1ccc(O)cc1)c1ccc(O)cc1
CC(C1=CC=C(O)C=C1)(C2=CC=C(O)C=C2)C3=CC=C(O)C=C3,100.2,CC(c1ccc(O)cc1)(c1ccc(O)cc1)c1ccc(O)cc1
ClC1=C(Cl)C(=O)SS1,106.6,O=c1ssc(Cl)c1Cl
CC1=C(O)C(=CC(=C1)[N+]([O-])=O)[N+]([O-])=O,109.9,Cc1cc([N+](=O)[O-])cc([N+](=O)[O-])c1O
CCC1(C)NC(=O)NC1=O,10.6,CCC1(C)NC(=O)NC1=O
FC1=CNC(=O)NC1=O,14.1,O=c1[nH]cc(F)c(=O)[nH]1
COC1=C(N)C=C(C=C1)[N+]([O-])=O,69.0,COc1ccc([N+](=O)[O-])cc1N
CC1(C)NC(=O)N(C1=O)C2=CC(=C(C=C2)[N+]([O-])=O)C(F)(F)F,3.0,CC1(C)NC(=O)N(c2ccc([N+](=O)[O-])c(C(F)(F)F)c2)C1=O
CC1(C)NC(=O)NC1=O,9.7,CC1(C)NC(=O)NC1=O
O=C1NC(=O)C(N1)(C2=CC=CC=C2)C3=CC=CC=C3,24.1,O=C1NC(=O)C(c2ccccc2)(c2ccccc2)N1
C12CC[C@H](O)[C@@]1(C)CCC3C2CCC4CC(=O)CC[C@]34C,20.9,C[C@]12CCC(=O)CC1CCC1C2CC[C@@]2(C)C1CC[C@@H]2O
OC1=CC2=CC=C(SSC3=CC4=CC=C(O)C=C4C=C3)C=C2C=C1,100.1,Oc1ccc2cc(SSc3ccc4cc(O)ccc4c3)ccc2c1
CC1=CC(=O)NC(=S)N1,16.6,Cc1cc(=O)[nH]c(=S)[nH]1
CC1=CC2=CC=CN=C2C=C1,43.1,Cc1ccc2ncccc2c1
[Na+].CCCCC(CC)CCC(CC(C)C)OS([O-])(=O)=O,103.0,CCCCC(CC)CCC(CC(C)C)OS(=O)(=O)[O-]
[K+].CC1=CC(=O)[N-]S(=O)(=O)O1,24.0,CC1=CC(=O)[N-]S(=O)(=O)O1
CC(=O)NC1=CC=C(O)C=C1,-15.9,CC(=O)Nc1ccc(O)cc1
[Na+].CC1=C(OCC([O-])=O)C=CC(Cl)=C1,85.1,Cc1cc(Cl)ccc1OCC(=O)[O-]
CCC(CC)C(C)CCOC(=O)C,12.3,CCC(CC)C(C)CCOC(C)=O
CCOCN(C(=O)CCl)C1=C(CC)C=CC=C1C,51.4,CCOCN(C(=O)CCl)c1c(C)cccc1CC
CC(=O)C1=CC=CC=C1,19.5,CC(=O)c1ccccc1
C12C[C@@]3(CC(C(C)=O)=C1C)[C@H](C)CCC3C2(C)C,17.7,CC(=O)C1=C(C)C2C[C@]3(C1)C(CC[C@H]3C)C2(C)C
CSC(=O)C1=CC=CC2=C1SN=N2,72.2,CSC(=O)c1cccc2nnsc12
S([O-])(=O)(=O)C=1C=C2C(C(/N=N/C=3C(=CC=CC3)C(F)(F)F)=C(N)C=C2)=C(O)C1.[Na+],103.1,Nc1ccc2cc(S(=O)(=O)[O-])cc(O)c2c1/N=N/c1ccccc1C(F)(F)F
OC(=O)C1=C(C=CC(OC2=CC=C(C=C2Cl)C(F)(F)F)=C1)[N+]([O-])=O,102.9,O=C(O)c1cc(Oc2ccc(C(F)(F)F)cc2Cl)ccc1[N+](=O)[O-]
NC(=O)C=C,12.4,C=CC(N)=O
CCCCCCCCCCCC(=O)OCC(C)OC(=O)CCCCC(=O)O,34.3,CCCCCCCCCCCC(=O)OCC(C)OC(=O)CCCCC(=O)O
CCC1=CC=CC(CC)=C1N(COC)C(=O)CCl,39.7,CCc1cccc(CC)c1N(COC)C(=O)CCl
CSC(C)(C)C=NO,10.1,CSC(C)(C)C=NO
CNC(=O)ON=CC(C)(C)S(C)(=O)=O,7.8,CNC(=O)ON=CC(C)(C)S(C)(=O)=O
CNC(=O)ON=CC(C)(C)S(C)=O,-5.7,CNC(=O)ON=CC(C)(C)S(C)=O
C12CC(C=C1)C3C2[C@]4(Cl)C(Cl)=C(Cl)[C@@]3(Cl)C4(Cl)Cl,-15.0,ClC1=C(Cl)[C@]2(Cl)C3C4C=CC(C4)C3[C@@]1(Cl)C2(Cl)Cl
O1C(C1)COCCCCCCCCCCCC,57.7,CCCCCCCCCCCCOCC1CO1
NC(=O)NC1NC(=O)NC1=O,9.5,NC(=O)NC1NC(=O)NC1=O
S([O-])(=O)(=O)C=1C(=CC(\N=N\C=2C3=C(C=C(S([O-])(=O)=O)C=C3)C=CC2O)=C(OC)C1)C.[Na+].[Na+],94.8,COc1cc(S(=O)(=O)[O-])c(C)cc1/N=N/c1c(O)ccc2cc(S(=O)(=O)[O-])ccc12
OCC=C,5.0,C=CCO
CCCCCC(C=O)=CC1=CC=CC=C1,77.3,CCCCCC(C=O)=Cc1ccccc1
CC(=O)/C=C/C1C(C)=CCCC1(C)C,46.2,CC(=O)/C=C/C1C(C)=CCCC1(C)C
CC(=O)C(C)=CC1C(C)=CCCC1(C)C,41.3,CC(=O)C(C)=CC1C(C)=CCCC1(C)C
[Na+].CCCCCCCCCCCCOCCOS([O-])(=O)=O,98.4,CCCCCCCCCCCCOCCOS(=O)(=O)[O-]
CCCC(=O)OC(C)(C)CC1=CC=CC=C1,29.9,CCCC(=O)OC(C)(C)Cc1ccccc1
CCNC1=NC(SC)=NC(NC(C)C)=N1,62.1,CCNc1nc(NC(C)C)nc(SC)n1
Cl.CCCCC1=C(C(=O)C2=CC(I)=C(OCCN(CC)CC)C(I)=C2)C3=C(O1)C=CC=C3,48.4,CCCCc1oc2ccccc2c1C(=O)c1cc(I)c(OCCN(CC)CC)c(I)c1
CN(C=NC1=C(C)C=C(C)C=C1)C=NC2=C(C)C=C(C)C=C2,54.1,Cc1ccc(N=CN(C)C=Nc2ccc(C)cc2C)c(C)c1
[NH4+].NC([O-])=O,14.7,NC(=O)[O-]
[NH4+].[S-]C#N,11.8,[S-]C#N
[NH4+].[O-]C(=O)C(F)(F)C(F)(F)C(F)(F)C(F)(F)C(F)(F)C(F)(F)C(F)(F)F,104.2,O=C([O-])C(F)(F)C(F)(F)C(F)(F)C(F)(F)C(F)(F)C(F)(F)C(F)(F)F
[NH4+].NS([O-])(=O)=O,26.1,NS(=O)(=O)[O-]
S(O)(=O)(=O)C1=C(C=C(C=C1)C)C.N,25.0,Cc1ccc(S(=O)(=O)O)c(C)c1
CC(C)(C#N)C1=CC(=CC(CN2C=NC=N2)=C1)C(C)(C)C#N,9.5,CC(C)(C#N)c1cc(Cn2cncn2)cc(C(C)(C)C#N)c1
OC(CCCCCC)CC=CCCCCCCCC(OCCN(CCOC(=O)CCCCCCCC=CCC(O)CCCCCC)CCOC(=O)CCCCCCCC=CCC(O)CCCCCC)=O,60.8,CCCCCCC(O)CC=CCCCCCCCC(=O)OCCN(CCOC(=O)CCCCCCCC=CCC(O)CCCCCC)CCOC(=O)CCCCCCCC=CCC(O)CCCCCC
OC1=CC=C(C=C1)C2=CC(=O)C3=C(O2)C=C(O)C=C3O,103.0,O=c1cc(-c2ccc(O)cc2)oc2cc(O)cc(O)c12
CC(=O)OC1=C(C=CC=C1)C(O)=O,36.6,CC(=O)Oc1ccccc1C(=O)O
COC(=O)NS(=O)(=O)C1=CC=C(N)C=C1,5.4,COC(=O)NS(=O)(=O)c1ccc(N)cc1
CC(C)NCC(O)COC1=CC=C(CC(N)=O)C=C1,15.4,CC(C)NCC(O)COc1ccc(CC(N)=O)cc1
[Ca].[Ca+2].FC1=CC=C(C=2N(C(C(C)C)=C(C2C3=CC=CC=C3)C(=O)NC4=CC=CC=C4)CC[C@@H](O)C[C@@H](O)CC([O-])=O)C=C1.FC1=CC=C(C=2N(C(C(C)C)=C(C2C3=CC=CC=C3)C(=O)NC4=CC=CC=C4)CC[C@@H](O)C[C@@H](O)CC([O-])=O)C=C1,63.0,CC(C)c1c(C(=O)Nc2ccccc2)c(-c2ccccc2)c(-c2ccc(F)cc2)n1CC[C@@H](O)C[C@@H](O)CC(=O)[O-]
CCNC1=NC(NC(C)C)=NC(Cl)=N1,6.9,CCNc1nc(Cl)nc(NC(C)C)n1
[Na+].[O-]C(=O)C1=CC=C2N(CC3=NOC(=C3)C4=CC=C(Cl)S4)C(=NC2=C1)C(=O)NC5CCN(CC5)C6CC6,46.2,O=C([O-])c1ccc2c(c1)nc(C(=O)NC1CCN(C3CC3)CC1)n2Cc1cc(-c2ccc(Cl)s2)on1
COP(=O)(OC)SCN1C(=O)OC2=CC(Cl)=CN=C12,34.3,COP(=O)(OC)SCn1c(=O)oc2cc(Cl)cnc21
CN1C=NC(=C1SC2=NC=NC3=C2NC=N3)[N+]([O-])=O,86.8,Cn1cnc([N+](=O)[O-])c1Sc1ncnc2nc[nH]c12
[Cl-].CCNC1=CC=C(C(C2=CC=C(C=C2)N(CC)CC)=C3C=CC(C=C3)=[N+](CC)CC)C4=C1C=CC=C4,110.3,CCNc1ccc(C(=C2C=CC(=[N+](CC)CC)C=C2)c2ccc(N(CC)CC)cc2)c2ccccc12
CNC(=O)OC1=CC=CC2=C1OC(C)(C)O2,24.2,CNC(=O)Oc1cccc2c1OC(C)(C)O2
CCCCN(CC)C1=C(C=C(C=C1[N+]([O-])=O)C(F)(F)F)[N+]([O-])=O,37.5,CCCCN(CC)c1c([N+](=O)[O-])cc(C(F)(F)F)cc1[N+](=O)[O-]
IC1=C(C=CC=C1)C(=O)NC2=CC=CC=C2,73.6,O=C(Nc1ccccc1)c1ccccc1I
CCCCNC(=O)N1C(NC(=O)OC)=NC2=C1C=CC=C2,40.4,CCCCNC(=O)n1c(NC(=O)OC)nc2ccccc21
CC(C)OP(=S)(OC(C)C)SCCNS(=O)(=O)C1=CC=CC=C1,21.5,CC(C)OP(=S)(OC(C)C)SCCNS(=O)(=O)c1ccccc1
ClC(Cl)C1=CC=CC=C1,12.4,ClC(Cl)c1ccccc1
CCOC(=O)C1=CC=C(N)C=C1,37.3,CCOC(=O)c1ccc(N)cc1
OC(=O)C1=CC=CC=C1,-17.1,OC(=O)C1=CC=CC=C1
OC(C(=O)C1=CC=CC=C1)C2=CC=CC=C2,57.4,O=C(c1ccccc1)C(O)c1ccccc1
O=C(C1=CC=CC=C1)C2=CC=CC=C2,87.0,O=C(c1ccccc1)c1ccccc1
ClC(Cl)(Cl)C1=CC=CC=C1,62.4,ClC(Cl)(Cl)c1ccccc1
OC1=CC=C(C=C1)C(=O)OCC2=CC=CC=C2,103.2,O=C(OCc1ccccc1)c1ccc(O)cc1
CC(=O)OCC1=CC=CC=C1,11.8,CC(=O)OCc1ccccc1
OCC1=CC=CC=C1,43.3,OCc1ccccc1
O=C(OCC1=CC=CC=C1)C2=CC=CC=C2,88.2,O=C(OCc1ccccc1)c1ccccc1
CCCCOC(=O)C1=C(C=CC=C1)C(=O)OCC2=CC=CC=C2,71.1,CCCCOC(=O)c1ccccc1C(=O)OCc1ccccc1
O=C(OCC1=CC=CC=C1)C=CC2=CC=CC=C2,75.4,O=C(C=Cc1ccccc1)OCc1ccccc1
[Cl-].[N+](CCCCCCCCCC)(CC1=CC=CC=C1)(C)C,-8.5,CCCCCCCCCC[N+](C)(C)Cc1ccccc1
CCCCC(CC)COC(=O)CCCCC(=O)OCC1=CC=CC=C1,13.5,CCCCC(CC)COC(=O)CCCCC(=O)OCc1ccccc1
FC1=CC=C(CC2CCN(CCS(=O)C3=CC=C4NC(=O)OC4=C3)CC2)C=C1,-16.3,O=c1[nH]c2ccc(S(=O)CCN3CCC(Cc4ccc(F)cc4)CC3)cc2o1
CC1=C(C=CC=C1COC(=O)[C@@H]2[C@H](/C=C(\Cl)/C(F)(F)F)C2(C)C)C3=CC=CC=C3,54.8,Cc1c(COC(=O)[C@@H]2[C@H](/C=C(\Cl)C(F)(F)F)C2(C)C)cccc1-c1ccccc1
CC(C)OP(C)(=O)OC(C)C,10.9,CC(C)OP(C)(=O)OC(C)C
CCCCC(CC)COC(=O)/C=C\C(=O)OCC(CC)CCCC,14.7,CCCCC(CC)COC(=O)/C=C\C(=O)OCC(CC)CCCC
CCCCC(CC)COC(=O)C1=C(Br)C(Br)=C(Br)C(Br)=C1C(=O)OCC(CC)CCCC,32.4,CCCCC(CC)COC(=O)c1c(Br)c(Br)c(Br)c(Br)c1C(=O)OCC(CC)CCCC
CCCCC(CC)COC(=O)CCCCC(=O)OCC(CC)CCCC,-0.4,CCCCC(CC)COC(=O)CCCCC(=O)OCC(CC)CCCC
CC(C)(C1=CC=C(O)C=C1)C2=CC=C(O)C=C2,96.0,CC(C)(c1ccc(O)cc1)c1ccc(O)cc1
CC(C)(C1=CC=C(OCC2CO2)C=C1)C3=CC=C(OCC4CO4)C=C3,31.9,CC(C)(c1ccc(OCC2CO2)cc1)c1ccc(OCC2CO2)cc1
OC1=CC=C(C=C1)C(C2=CC=C(O)C=C2)(C(F)(F)F)C(F)(F)F,100.7,Oc1ccc(C(c2ccc(O)cc2)(C(F)(F)F)C(F)(F)F)cc1
CCC(C)(C1=CC=C(O)C=C1)C2=CC=C(O)C=C2,95.2,CCC(C)(c1ccc(O)cc1)c1ccc(O)cc1
OB(O)O,-4.8,OB(O)O
ClC1=CC=C(C=C1)C2=C(NC(=O)C3=C(Cl)N=CC=C3)C=CC=C2,29.3,O=C(Nc1ccccc1-c1ccc(Cl)cc1)c1cccnc1Cl
CCC(C)N1C(=O)NC(C)=C(Br)C1=O,22.6,CCC(C)n1c(=O)[nH]c(C)c(Br)c1=O
OC1=C(Br)C=C(C=C1Br)C#N,101.8,N#Cc1cc(Br)c(O)c(Br)c1
CS(=O)(=O)OCCCCOS(C)(=O)=O,11.4,CS(=O)(=O)OCCCCOS(C)(=O)=O
CCCCOCN(C(=O)CCl)C1=C(CC)C=CC=C1CC,39.2,CCCCOCN(C(=O)CCl)c1c(CC)cccc1CC
CN1C(=O)N(C(=O)C=C1C(F)(F)F)C2=CC(C(=O)OC(C)(C)C(=O)OCC=C)=C(Cl)C=C2,40.9,C=CCOC(=O)C(C)(C)OC(=O)c1cc(-n2c(=O)cc(C(F)(F)F)n(C)c2=O)ccc1Cl
CC(C)N(CC1=CC=CC=C1)C(=O)C(C)(C)C,10.1,CC(C)N(Cc1ccccc1)C(=O)C(C)(C)C
CCCCOC(=O)C=C,4.5,C=CC(=O)OCCCC
CCCCOC(=O)C1=CC=CC=C1,17.1,CCCCOC(=O)c1ccccc1
CCCCOCC1CO1,5.5,CCCCOCC1CO1
CCSC(=O)N(CC(C)C)CC(C)C,13.3,CCSC(=O)N(CC(C)C)CC(C)C
CCCCC1=CC=CC=C1,16.0,CCCCc1ccccc1
CCCCC1=CC2=C(C=CC=C2S(=O)(=O)[O-])C=C1.[Na+],101.1,CCCCc1ccc2cccc(S(=O)(=O)[O-])c2c1
CCCCOC(=O)C1=CC=C(O)C=C1,100.1,CCCCOC(=O)c1ccc(O)cc1
CCCC=NO,7.1,CCCC=NO
[Na+].[Na+].OC1=C(N=NC2=CC=CC=C2)C3=C(C=C(C=C3C=C1)S([O-])(=O)=O)S([O-])(=O)=O,108.8,O=S(=O)([O-])c1cc(S(=O)(=O)[O-])c2c(N=Nc3ccccc3)c(O)ccc2c1
[Na+].CC1=NN(C(=O)C1N=NC2=CC=CC=C2)C3=CC=C(C=C3)S([O-])(=O)=O,108.3,CC1=NN(c2ccc(S(=O)(=O)[O-])cc2)C(=O)C1N=Nc1ccccc1
[Na+].[Na+].CC1=NN(C(=O)C1N=NC2=CC=C(C=C2)S([O-])(=O)=O)C3=CC(Cl)=C(C=C3Cl)S([O-])(=O)=O,102.2,CC1=NN(c2cc(Cl)c(S(=O)(=O)[O-])cc2Cl)C(=O)C1N=Nc1ccc(S(=O)(=O)[O-])cc1
C1=CC=C2C(=C1)C(=O)C(C2=O)C3=NC4=C(C=C(C=C4C=C3)S(=O)(=O)[O-])S(=O)(=O)[O-].[Na+].[Na+],97.3,O=C1c2ccccc2C(=O)C1c1ccc2cc(S(=O)(=O)[O-])cc(S(=O)(=O)[O-])c2n1
[Na+].CC1=NN(C(=O)C1/N=N/C2=CC=CC=C2)C3=CC(=CC=C3Cl)S([O-])(=O)=O,109.6,CC1=NN(c2cc(S(=O)(=O)[O-])ccc2Cl)C(=O)C1/N=N/c1ccccc1
CC1=C(N)C=C(C=C1)[N+]([O-])=O,80.8,Cc1ccc([N+](=O)[O-])cc1N
S([O-])(=O)(=O)C=1C=C2C(=C(O)C1/N=N/C3=CC=C(/N=N/C4=CC=C(S([O-])(=O)=O)C=C4)C=C3)C=CC(NC(=O)C5=CC=CC=C5)=C2.[Na+].[Na+],103.4,O=C(Nc1ccc2c(O)c(/N=N/c3ccc(/N=N/c4ccc(S(=O)(=O)[O-])cc4)cc3)c(S(=O)(=O)[O-])cc2c1)c1ccccc1
COC1=CC(=CC=C1N)C2=CC(OC)=C(N)C=C2,102.9,COc1cc(-c2ccc(N)c(OC)c2)ccc1N
Cl.Cl.COC1=CC(=CC=C1N)C2=CC=C(N)C(OC)=C2,110.4,COc1cc(-c2ccc(N)c(OC)c2)ccc1N
CCCCCCCCCCCCCCCS(=O)(=O)OC1=CC=CC=C1,6.5,CCCCCCCCCCCCCCCS(=O)(=O)Oc1ccccc1
[Ca+2].[O-]C(=O)C(CCCCCC)(C)C.[O-]C(=O)C(CCCCCC)(C)C,53.3,CCCCCCC(C)(C)C(=O)[O-]
CC1(C)C2CCC(C2)C1=C,6.9,C=C1C2CCC(C2)C1(C)C
COCCOC[C@H](CC1(CCCC1)C(=O)N[C@H]2CC[C@H](CC2)C(O)=O)C(=O)OC3=CC4=C(CCC4)C=C3,4.8,COCCOC[C@H](CC1(C(=O)N[C@H]2CC[C@@H](C(=O)O)CC2)CCCC1)C(=O)Oc1ccc2c(c1)CCC2
O=C1CCCCCN1,-0.2,O=C1CCCCCN1
O=C1N(SC(Cl)(Cl)Cl)C(=O)C2CC=CCC12,89.1,O=C1C2CC=CCC2C(=O)N1SC(Cl)(Cl)Cl
NC(=O)N1C2=CC=CC=C2C=CC3=C1C=CC=C3,56.6,NC(=O)N1c2ccccc2C=Cc2ccccc21
COC(=O)NC1=NC2=CC=CC=C2N1,-20.8,COC(=O)Nc1nc2ccccc2[nH]1
CCCCN(CCCC)SN(C)C(=O)OC1=C2OC(C)(C)CC2=CC=C1,67.5,CCCCN(CCCC)SN(C)C(=O)Oc1cccc2c1OC(C)(C)C2
CC1=C(SCCO1)C(=O)NC2=CC=CC=C2,36.7,CC1=C(C(=O)Nc2ccccc2)SCCO1
CS(O)(=O)=O.CC(C)C1=CC=C(C=C1S(C)(=O)=O)C(=O)N=C(N)N,11.8,CC(C)c1ccc(C(=O)N=C(N)N)cc1S(C)(=O)=O
CC1=CC=C(C=C1)C2=CC(=NN2C3=CC=C(C=C3)S(N)(=O)=O)C(F)(F)F,56.9,Cc1ccc(-c2cc(C(F)(F)F)nn2-c2ccc(S(N)(=O)=O)cc2)cc1
CC(=O)C1=CC(=CC2=C1CCC2(C)C)C(C)(C)C,6.2,CC(=O)c1cc(C(C)(C)C)cc2c1CCC2(C)C
NC1=C(Cl)C(=CC(Cl)=C1)C(O)=O,93.9,Nc1cc(Cl)cc(C(=O)O)c1Cl
CC1=CC=C(S(=O)(=O)[N-]Cl)C=C1.O.O.O.[Na+],88.9,Cc1ccc(S(=O)(=O)[N-]Cl)cc1
ClC1CC2C(C1Cl)C3(Cl)C(Cl)=C(Cl)C2(Cl)C3(Cl)Cl,62.6,ClC1=C(Cl)C2(Cl)C3C(Cl)C(Cl)CC3C1(Cl)C2(Cl)Cl
OC(=O)C1C(C(O)=O)C2(Cl)C(Cl)=C(Cl)C1(Cl)C2(Cl)Cl,69.6,O=C(O)C1C(C(=O)O)C2(Cl)C(Cl)=C(Cl)C1(Cl)C2(Cl)Cl
CCOP(=S)(OCC)OC(Cl)C(Cl)(Cl)Cl,89.6,CCOP(=S)(OCC)OC(Cl)C(Cl)(Cl)Cl
NC1=C(Cl)C(=O)N(N=C1)C2=CC=CC=C2,63.9,Nc1cnn(-c2ccccc2)c(=O)c1Cl
ClC1=CC=C(C=C1)C(C(=O)C2C(=O)C3=C(C=CC=C3)C2=O)C4=CC=CC=C4,90.4,O=C1c2ccccc2C(=O)C1C(=O)C(c1ccccc1)c1ccc(Cl)cc1
CC(C)OC(=O)NC1=CC=CC(Cl)=C1,74.2,CC(C)OC(=O)Nc1cccc(Cl)c1
CCOP(=S)(OCC)OC1=NC(Cl)=C(Cl)C=C1Cl,102.8,CCOP(=S)(OCC)Oc1nc(Cl)c(Cl)cc1Cl
CCOP(=O)(OCC)OC1=NC(Cl)=C(Cl)C=C1Cl,99.4,CCOP(=O)(OCC)Oc1nc(Cl)c(Cl)cc1Cl
COP(=S)(OC)OC1=NC(Cl)=C(Cl)C=C1Cl,99.6,COP(=S)(OC)Oc1nc(Cl)c(Cl)cc1Cl
COC(=O)C1=C(Cl)C(Cl)=C(C(=O)OC)C(Cl)=C1Cl,99.7,COC(=O)c1c(Cl)c(Cl)c(C(=O)OC)c(Cl)c1Cl
OC1=CC2=C(C(O)=C1)C(=O)C=C(O2)C3=CC=CC=C3,94.7,O=c1cc(-c2ccccc2)oc2cc(O)cc(O)c12
NC1=CC2=C3N(CCC3=C1)C(=O)[C@H](NC(=O)C4=CC=CN=C4)N=C2C5=CC=CC=C5,40.1,Nc1cc2c3c(c1)C(c1ccccc1)=N[C@@H](NC(=O)c1cccnc1)C(=O)N3CC2
CC(C)[C@]12CC[C@](C)(O1)[C@@H](C2)OCC3=C(C)C=CC=C3,45.9,Cc1ccccc1CO[C@@H]1C[C@@]2(C(C)C)CC[C@]1(C)O2
OC(=O)CC(O)(CC(O)=O)C(O)=O,-10.7,OC(=O)CC(O)(CC(O)=O)C(O)=O
CCOC(=O)CC(CC(=O)OCC)(OC(C)=O)C(=O)OCC,12.1,CCOC(=O)CC(CC(=O)OCC)(OC(C)=O)C(=O)OCC
CC(CCO)CCC=C(C)C,92.9,CC(C)=CCCC(C)CCO
NC(=O)N(O)[C@H]1C[C@@H](OC2=CC=CC(OC3=CC=C(F)C=C3)=C2)C=C1,93.0,NC(=O)N(O)[C@@H]1C=C[C@H](Oc2cccc(Oc3ccc(F)cc3)c2)C1
NC1=NC(Cl)=NC2=C1N=CN2[C@H]3C[C@H](O)[C@@H](CO)O3,6.3,Nc1nc(Cl)nc2c1ncn2[C@H]1C[C@H](O)[C@@H](CO)O1
C[C@@H](OC1=CC=C(OC2=NC=C(Cl)C=C2F)C=C1)C(=O)OCC#C,57.3,C#CCOC(=O)[C@@H](C)Oc1ccc(Oc2ncc(Cl)cc2F)cc1
CCOC(=O)C(C)(C)OC1=CC=C(Cl)C=C1,42.1,CCOC(=O)C(C)(C)Oc1ccc(Cl)cc1
OC(=O)C1=C(Cl)C=CC(Cl)=N1,30.8,O=C(O)c1nc(Cl)ccc1Cl
OC1=C(CC2=CC=CC=C2)C=C(Cl)C=C1,105.0,Oc1ccc(Cl)cc1Cc1ccccc1
COC(=O)C(CC1=CN=CN1)N.Cl,85.7,COC(=O)C(N)Cc1cnc[nH]1
COC1=CC2=C(C(OC)=C1OC)C3=CC=C(OC)C(=O)C=C3[C@H](CC2)NC(C)=O,41.7,COc1cc2c(c(OC)c1OC)-c1ccc(OC)c(=O)cc1[C@@H](NC(C)=O)CC2
C[C@]12C[C@H](O)[C@H]3[C@@H](CCC4=CC(=O)CC[C@]34C)[C@@H]1CC[C@@H]2C(=O)CO,12.6,C[C@]12C[C@H](O)[C@H]3[C@@H](CCC4=CC(=O)CC[C@@]43C)[C@@H]1CC[C@@H]2C(=O)CO
CN1[C@@H](CCC1=O)C2=CN=CC=C2,4.8,CN1C(=O)CC[C@H]1c1cccnc1
O[C@@H]1[C@H](CC2=CC=CC(=C2)C(O)=O)COC3=C1C=C(OCC4=NC5=C(S4)C=CC(F)=C5)C=C3,64.6,O=C(O)c1cccc(C[C@@H]2COc3ccc(OCc4nc5cc(F)ccc5s4)cc3[C@@H]2O)c1
CC(CC1=CC=C(OCC(O)=O)C=C1)NCC(O)C2=CSC(=N2)C(F)(F)F,22.3,CC(Cc1ccc(OCC(=O)O)cc1)NCC(O)c1csc(C(F)(F)F)n1
FC1=CC=C(C2(O)CCN([C@H]3[C@@H](O)C4=C(OC3)C=C(O)C=C4)CC2)C=C1,59.6,Oc1ccc2c(c1)OC[C@@H](N1CCC(O)(c3ccc(F)cc3)CC1)[C@H]2O
CCC1=NN(C2CCCCC2)C3=C1C=CC(=C3)[C@]4(CC[C@@H](CC4)C(O)=O)C#N,62.7,CCc1nn(C2CCCCC2)c2cc([C@]3(C#N)CC[C@@H](C(=O)O)CC3)ccc12
CS(O)(=O)=O.CCOC1=CC=CC(=C1)[C@]2(CC[C@H](C)CC2)N3CCN(CC3)C4=CC=CC=C4,15.5,CCOc1cccc([C@]2(N3CCN(c4ccccc4)CC3)CC[C@@H](C)CC2)c1
CC(C)(O)C1=CC=C(CNC(=O)C2=CC=CN=C2OC3=CC=C(F)C=C3)C=C1,10.5,CC(C)(O)c1ccc(CNC(=O)c2cccnc2Oc2ccc(F)cc2)cc1
[Na+].CC(C)C1=CC=CC(C(C)C)=C1NC(=O)[N-]S(=O)(=O)C2=CC(=CO2)C(C)(C)O,37.3,CC(C)c1cccc(C(C)C)c1NC(=O)[N-]S(=O)(=O)c1cc(C(C)(C)O)co1
ONC(=O)C1(CCCC1)N(CCC(O)=O)S(=O)(=O)C2=CC=C(OC3=CC=C(F)C=C3)C=C2,30.0,O=C(O)CCN(C1(C(=O)NO)CCCC1)S(=O)(=O)c1ccc(Oc2ccc(F)cc2)cc1
CC[C@@H]1C[C@H](N(CC2=CC(=CC(=C2)C(F)(F)F)C(F)(F)F)C(C)=O)C3=C(C=CC(=C3)C(F)(F)F)N1C(=O)OC(C)C,41.7,CC[C@@H]1C[C@H](N(Cc2cc(C(F)(F)F)cc(C(F)(F)F)c2)C(C)=O)c2cc(C(F)(F)F)ccc2N1C(=O)OC(C)C
ONC(=O)C1(CCOCC1)NS(=O)(=O)C2=CC=C(OC3=CC=C(F)C=C3)C=C2,48.4,O=C(NO)C1(NS(=O)(=O)c2ccc(Oc3ccc(F)cc3)cc2)CCOCC1
CNCC1=C(OC2=CC=C(Cl)C(Cl)=C2)C=CC(F)=C1,35.5,CNCc1cc(F)ccc1Oc1ccc(Cl)c(Cl)c1
CC(C)(O)C1=CC=C(CNC(=O)C2=CC=CN=C2OC3=CC4=NON=C4C=C3)C=C1,5.1,CC(C)(O)c1ccc(CNC(=O)c2cccnc2Oc2ccc3nonc3c2)cc1
CC1=CC(NC(=O)C(O)=O)=CC(C)=C1OC2=CC=C(O)C3=C2CCC3,105.4,Cc1cc(NC(=O)C(=O)O)cc(C)c1Oc1ccc(O)c2c1CCC2
C[C@@H](O)C1=NC(=CC=N1)N2[C@@H](C)CN(C[C@H]2C)C3=NC(C)=NC(C)=N3,0.4,Cc1nc(C)nc(N2C[C@@H](C)N(c3ccnc([C@@H](C)O)n3)[C@@H](C)C2)n1
C[C@@H](OC1=CC=C(CNC(=O)C2=CC=CN=C2OC3=CC=C4OCOC4=C3)C(F)=C1)C(O)=O,11.1,C[C@@H](Oc1ccc(CNC(=O)c2cccnc2Oc2ccc3c(c2)OCO3)c(F)c1)C(=O)O
OC(CCCCCC)C/C=C/CCCCCCCOC(OCCOC(COCCOC(OCCCCCCC\C=C\CC(O)CCCCCC)=O)COCCOC(OCCCCCCC\C=C\CC(O)CCCCCC)=O)=O,-22.0,CCCCCCC(O)C/C=C/CCCCCCCOC(=O)OCCOCC(COCCOC(=O)OCCCCCCC/C=C/CC(O)CCCCCC)OCCOC(=O)OCCCCCCC/C=C/CC(O)CCCCCC
CCNC1=NC(NC(C)(C)C#N)=NC(Cl)=N1,30.7,CCNc1nc(Cl)nc(NC(C)(C)C#N)n1
CSC1=NC(NC(C)(C)C)=NC(NC2CC2)=N1,86.0,CSc1nc(NC2CC2)nc(NC(C)(C)C)n1
OC(=O)C1(CC1)C(=O)NC2=CC=C(Cl)C=C2Cl,96.4,O=C(O)C1(C(=O)Nc2ccc(Cl)cc2Cl)CC1
O=C(C1CCC1)C2=CC=CC=C2,30.8,O=C(c1ccccc1)C1CCC1
OC1CCCCCCCCCCC1,44.9,OC1CCCCCCCCCCC1
O=C1CCCCC1,1.0,O=C1CCCCC1
ON=C1CCCCC1,11.1,ON=C1CCCCC1
[C@H]1(C[C@@H](C)C[C@H](C)C1=O)[C@H](O)CC2CC(=O)NC(=O)C2,10.8,C[C@@H]1C[C@@H]([C@H](O)CC2CC(=O)NC(=O)C2)C(=O)[C@@H](C)C1
NC1CCCCC1,11.8,NC1CCCCC1
O=C(C1CCCCC1)C2=CC=CC=C2,45.5,O=C(c1ccccc1)C1CCCCC1
C12NC[C@@H](C)C[C@H]1O[C@]3(CCC4C(C[C@H]5C4CC=C6C[C@@H](O)CC[C@]56C)=C3C)[C@@H]2C,-3.7,CC1=C2C[C@H]3C(CC=C4C[C@@H](O)CC[C@@]43C)C2CC[C@]12O[C@@H]1C[C@H](C)CNC1[C@H]2C
O.ClCCN(CCCl)P1(=O)NCCCO1,63.3,O=P1(N(CCCl)CCCl)NCCCO1
CC1(C)C(C=C(Cl)Cl)C1C(=O)OC(C#N)C2=CC=C(F)C(OC3=CC=CC=C3)=C2,48.1,CC1(C)C(C=C(Cl)Cl)C1C(=O)OC(C#N)c1ccc(F)c(Oc2ccccc2)c1
CCCCOC(=O)[C@@H](C)OC1=CC=C(OC2=C(F)C=C(C=C2)C#N)C=C1,51.1,CCCCOC(=O)[C@@H](C)Oc1ccc(Oc2ccc(C#N)cc2F)cc1
CC1=NC(NC2=CC=CC=C2)=NC(=C1)C3CC3,91.0,Cc1cc(C2CC2)nc(Nc2ccccc2)n1
NC1=NC(NC2CC2)=NC(N)=N1,24.2,Nc1nc(N)nc(NC2CC2)n1
Cl.O1C(N2C=CC(=NC2=O)N)C(O)[C@H](O)C1CO,8.7,Nc1ccn(C2OC(CO)[C@@H](O)C2O)c(=O)n1
NC1=CC=C(C=C1)S(=O)(=O)C2=CC=C(N)C=C2,25.0,Nc1ccc(S(=O)(=O)c2ccc(N)cc2)cc1
ClC1=CC=C(C=C1)C(C2=CC=C(Cl)C=C2)C(Cl)(Cl)Cl,14.9,Clc1ccc(C(c2ccc(Cl)cc2)C(Cl)(Cl)Cl)cc1
CCCCCCCCCC=O,94.7,CCCCCCCCCC=O
OC(=O)CCCCCCCCC(O)=O,39.5,O=C(O)CCCCCCCCC(=O)O
CCCCCCCCCC(O)=O,93.7,CCCCCCCCCC(O)=O
CCN(CC)C(=O)C1=CC=CC(C)=C1,51.8,CCN(CC)C(=O)c1cccc(C)c1
CC(=O)C1C(=O)C=C(C)OC1=O,41.0,CC(=O)C1C(=O)C=C(C)OC1=O
C12CCC(=O)[C@@]1(C)CCC3C2CC=C4C[C@@H](O)CC[C@]34C,37.5,C[C@]12CC[C@H](O)CC1=CCC1C2CC[C@]2(C)C(=O)CCC12
CCNC1=NC(N)=NC(Cl)=N1,20.2,CCNc1nc(N)nc(Cl)n1
[O-]C(=O)C1=CC=CC=C1.CC[N+](CC)(CC(=O)NC1=C(C)C=CC=C1C)CC2=CC=CC=C2,12.7,CC[N+](CC)(CC(=O)Nc1c(C)cccc1C)Cc1ccccc1
O=C1[N-]S(=O)(=O)C2=C1C=CC=C2.CC[N+](CC)(CC(=O)NC1=C(C)C=CC=C1C)CC2=CC=CC=C2,21.5,CC[N+](CC)(CC(=O)Nc1c(C)cccc1C)Cc1ccccc1
P(OCC(=O)[C@]1(O)[C@@]2(C(C3[C@](F)([C@@H](O)C2)[C@@]4(C(CC3)=CC(=O)C=C4)C)C[C@H]1C)C)([O-])([O-])=O.[Na+].[Na+],7.1,C[C@@H]1CC2C3CCC4=CC(=O)C=C[C@]4(C)[C@@]3(F)[C@@H](O)C[C@]2(C)[C@@]1(O)C(=O)COP(=O)([O-])[O-]
CCCCCCCCOC(=O)C1=C(C=CC=C1)C(=O)OCCCCCCCC,15.1,CCCCCCCCOC(=O)c1ccccc1C(=O)OCCCCCCCC
CC(C)(C)OOC(C)(C)C,6.8,CC(C)(C)OOC(C)(C)C
CCCCC(CC)COC(=O)C1=C(C=CC=C1)C(=O)OCC(CC)CCCC,5.6,CCCCC(CC)COC(=O)c1ccccc1C(=O)OCC(CC)CCCC
CC(=O)CC(C)(C)O,-17.0,CC(=O)CC(C)(C)O
C=CCOC(=O)C1=C(C=CC=C1)C(=O)OCC=C,65.2,C=CCOC(=O)c1ccccc1C(=O)OCC=C
S=P(OC1=NC(=NC(=C1)C)C(C)C)(OCC)OCC,39.1,CCOP(=S)(OCC)Oc1cc(C)nc(C(C)C)n1
OCNC(=O)N(CO)C1N(CO)C(=O)N(CO)C1=O,9.7,O=C1C(N(CO)C(=O)NCO)N(CO)C(=O)N1CO
S1C2=C(C=CC=C2)C3=C1C=CC=C3,15.7,c1ccc2c(c1)sc1ccccc12
CCCCOC(=O)C1=CC=CC=C1C(=O)OCCCC,70.8,CCCCOC(=O)c1ccccc1C(=O)OCCCC
CCCCOC(=O)CCCCC(=O)OCCCC,9.9,CCCCOC(=O)CCCCC(=O)OCCCC
CCCCOC(=O)CCCCCCCC(=O)OCCCC,29.2,CCCCOC(=O)CCCCCCCC(=O)OCCCC
CCCCOC(=O)CCCCCCCCC(=O)OCCCC,-0.5,CCCCOC(=O)CCCCCCCCC(=O)OCCCC
COC1=C(Cl)C=CC(Cl)=C1C(O)=O,62.8,COc1c(Cl)ccc(Cl)c1C(=O)O
ClC(Cl)C(=O)N(CC=C)CC=C,17.2,C=CCN(CC=C)C(=O)C(Cl)Cl
OC1=CC=C(Cl)C=C1CC2=CC(Cl)=CC=C2O,105.5,Oc1ccc(Cl)cc1Cc1cc(Cl)ccc1O
CC(OC1=C(Cl)C=C(Cl)C=C1)C(O)=O,81.7,CC(Oc1ccc(Cl)cc1Cl)C(=O)O
COP(=O)(OC)OC=C(Cl)Cl,13.9,COP(=O)(OC)OC=C(Cl)Cl
OC(C1=CC=C(Cl)C=C1)(C2=CC=C(Cl)C=C2)C(Cl)(Cl)Cl,64.6,OC(c1ccc(Cl)cc1)(c1ccc(Cl)cc1)C(Cl)(Cl)Cl
CC(C)(OOC(C)(C)C1=CC=CC=C1)C2=CC=CC=C2,80.7,CC(C)(OOC(C)(C)c1ccccc1)c1ccccc1
C1CCC(CC1)SSC2CCCCC2,22.7,C1CCC(SSC2CCCCC2)CC1
O=C(OC1CCCCC1)C2=C(C=CC=C2)C(=O)OC3CCCCC3,37.8,O=C(OC1CCCCC1)c1ccccc1C(=O)OC1CCCCC1
[Na+].[O-]S(=O)(=O)C(CC(=O)OC1CCCCC1)C(=O)OC2CCCCC2,74.0,O=C(CC(C(=O)OC1CCCCC1)S(=O)(=O)[O-])OC1CCCCC1
C1C=CC2C3CC(C=C3)C12,13.6,C1=CC2C3C=CC(C3)C2C1
OC[C@@H]1CC[C@@H](O1)N2C=NC3=C2N=CNC3=O,1.7,O=c1[nH]cnc2c1ncn2[C@H]1CC[C@@H](CO)O1
ClC1=C(Cl)[C@]2(Cl)[C@@H]3[C@@H]4C[C@@H]([C@H]5O[C@@H]45)[C@@H]3[C@@]1(Cl)C2(Cl)Cl,25.9,ClC1=C(Cl)[C@]2(Cl)[C@@H]3[C@@H]4C[C@@H]([C@H]5O[C@@H]45)[C@@H]3[C@@]1(Cl)C2(Cl)Cl
OCCNCCO,14.6,OCCNCCO
CCOC(=O)CCC(=O)OCC,6.4,CCOC(=O)CCC(=O)OCC
[P+](OCC)(OCC)=O,6.4,CCO[P+](=O)OCC
CCOC(=O)C1=CC=CC=C1C(=O)OCC,44.1,CCOC(=O)c1ccccc1C(=O)OCC
CCOS(=O)(=O)OCC,-4.0,CCOS(=O)(=O)OCC
OCCOCCO,0.4,OCCOCCO
C1=CC=C(C=C1)C(=O)OCCOCCOC(=O)C2=CC=CC=C2,29.2,O=C(OCCOCCOC(=O)c1ccccc1)c1ccccc1
COCCOCCO,10.3,COCCOCCO
CC/C(=C(/CC)\C1=CC=C(O)C=C1)/C2=CC=C(O)C=C2,103.2,CC/C(=C(/CC)c1ccc(O)cc1)c1ccc(O)cc1
COS([O-])(=O)=O.CN1C(=CC(C2=CC=CC=C2)=[N+]1C)C3=CC=CC=C3,91.0,Cn1c(-c2ccccc2)cc(-c2ccccc2)[n+]1C
FC1=CC=CC(F)=C1C(=O)NC(=O)NC2=CC=C(Cl)C=C2,-8.0,O=C(NC(=O)c1c(F)cccc1F)Nc1ccc(Cl)cc1
COC1=CC=C(C=C1)N2N=C(C=C2C3=CC=C(C=C3)S(C)=O)C(F)F,33.1,COc1ccc(-n2nc(C(F)F)cc2-c2ccc(S(C)=O)cc2)cc1
C[C@H]1O[C@H](C[C@H](O)[C@@H]1O)O[C@H]2[C@@H](O)C[C@H](O[C@H]3[C@@H](O)C[C@H](O[C@H]4CC[C@@]5(C)[C@H](CC[C@@H]6[C@@H]5C[C@@H](O)[C@]7(C)[C@H](CC[C@]67O)C8=CC(=O)OC8)C4)O[C@@H]3C)O[C@@H]2C,13.1,C[C@H]1O[C@@H](O[C@H]2[C@@H](O)C[C@H](O[C@H]3[C@@H](O)C[C@H](O[C@H]4CC[C@@]5(C)[C@H](CC[C@@H]6[C@@H]5C[C@@H](O)[C@]5(C)[C@@H](C7=CC(=O)OC7)CC[C@]65O)C4)O[C@@H]3C)O[C@@H]2C)C[C@H](O)[C@@H]1O
CCCCCCOC(=O)CCCCC(=O)OCCCCCC,1.0,CCCCCCOC(=O)CCCCC(=O)OCCCCCC
CCCCCCOC(=O)C1=C(C=CC=C1)C(=O)OCCCCCC,17.7,CCCCCCOC(=O)c1ccccc1C(=O)OCCCCCC
OC(CCCC(C=C)=C)(C)C,28.9,C=CC(=C)CCCC(C)(C)O
CC(C)COC(=O)CCCCC(=O)OCC(C)C,63.2,CC(C)COC(=O)CCCCC(=O)OCC(C)C
CC(C)CCCCCCCOC(=O)CCCCC(=O)OCCCCCCCC(C)C,4.6,CC(C)CCCCCCCOC(=O)CCCCC(=O)OCCCCCCCC(C)C
CC(C)CCCCCCCOP(OCCCCCCCC(C)C)OC1=CC=CC=C1,101.9,CC(C)CCCCCCCOP(OCCCCCCCC(C)C)Oc1ccccc1
CC(C)CCCCCCOC(=O)CCCCC(=O)OCCCCCCC(C)C,-3.7,CC(C)CCCCCCOC(=O)CCCCC(=O)OCCCCCCC(C)C
CC(C)CCCCCCOC(=O)C1CCCCC1C(=O)OCCCCCCC(C)C,-35.9,CC(C)CCCCCCOC(=O)C1CCCCC1C(=O)OCCCCCCC(C)C
CC(C)CCCCCOC(=O)CCCCC(=O)OCCCCCC(C)C,21.0,CC(C)CCCCCOC(=O)CCCCC(=O)OCCCCCC(C)C
CC(O)CNCC(C)O,11.5,CC(O)CNCC(C)O
CC(C)OC(=O)C1=CC=CC=C1C(=O)OC(C)C,56.5,CC(C)OC(=O)c1ccccc1C(=O)OC(C)C
CNC(=O)CSP(=S)(OC)OC,39.7,CNC(=O)CSP(=S)(OC)OC
CC1CC(OC(C)=O)OC(C)O1,-24.1,CC(=O)OC1CC(C)OC(C)O1
CO[Si](C)(C)OC,3.5,CO[Si](C)(C)OC
COC(=O)CCCC(=O)OC,8.1,COC(=O)CCCC(=O)OC
COC(=O)C1=CC(=CC=C1)C(=O)OC,40.7,COC(=O)c1cccc(C(=O)OC)c1
COP(C)(=O)OC,13.0,COP(C)(=O)OC
COC(=O)C1=C(C=CC=C1)C(=O)OC,38.2,COC(=O)c1ccccc1C(=O)OC
COC(=O)CCC(=O)OC,5.0,COC(=O)CCC(=O)OC
COS(=O)(=O)OC,11.9,COS(=O)(=O)OC
COC(=O)C1=CC=C(C=C1)C(=O)OC,39.6,COC(=O)c1ccc(C(=O)OC)cc1
C[As](C)(O)=O,-1.8,C[As](C)(=O)O
CN(C)C(Cl)=O,-3.9,CN(C)C(=O)Cl
C[Sn](C)(Cl)Cl,-1.7,C[Sn](C)(Cl)Cl
CC(C)(C)C(O)/C(=C\C1=C(Cl)C=C(Cl)C=C1)/N2C=NC=N2,82.7,CC(C)(C)C(O)/C(=C\c1ccc(Cl)cc1Cl)n1cncn1
CCC(C)C1=CC(=CC(=C1O)[N+]([O-])=O)[N+]([O-])=O,109.0,CCC(C)c1cc([N+](=O)[O-])cc([N+](=O)[O-])c1O
CNC(NCC1CCOC1)=N[N+]([O-])=O,7.4,CNC(=N[N+](=O)[O-])NCC1CCOC1
CC(C)CCCCCCOC(=O)C1=CC=CC=C1C(=O)OCCCCCCC(C)C,13.4,CC(C)CCCCCCOC(=O)c1ccccc1C(=O)OCCCCCCC(C)C
CCCCCOC(=O)C1=C(C=CC=C1)C(=O)OCCCCC,49.6,CCCCCOC(=O)c1ccccc1C(=O)OCCCCC
O=C(OC1=CC=CC=C1)C2=CC(=CC=C2)C(=O)OC3=CC=CC=C3,79.0,O=C(Oc1ccccc1)c1cccc(C(=O)Oc2ccccc2)c1
O(C1=CC=CC=C1)C2=CC=CC=C2,57.9,c1ccc(Oc2ccccc2)cc1
OP(=O)(OC1=CC=CC=C1)OC2=CC=CC=C2,45.8,O=P(O)(Oc1ccccc1)Oc1ccccc1
N(C1=CC=CC=C1)C2=CC=CC=C2,83.8,c1ccc(Nc2ccccc2)cc1
CCCOC(=O)C1=CC=C(N=C1)C(=O)OCCC,33.2,CCCOC(=O)c1ccc(C(=O)OCCC)nc1
COCCOCCO,-5.3,COCCOCCO
O(CC(OC(=O)C1=CC=CC=C1)C)CC(OC(=O)C2=CC=CC=C2)C,34.7,CC(COCC(C)OC(=O)c1ccccc1)OC(=O)c1ccccc1
CSC(=O)C1=C(N=C(C(C(=O)SC)=C1CC(C)C)C(F)(F)F)C(F)F,44.8,CSC(=O)c1c(C(F)F)nc(C(F)(F)F)c(C(=O)SC)c1CC(C)C
CN(C)C(=O)NC1=CC(Cl)=C(Cl)C=C1,34.4,CN(C)C(=O)Nc1ccc(Cl)c(Cl)c1
C=1(C(=CC=CC1)C=C)C=C,23.8,C=Cc1ccccc1C=C
CC(C)CCC[C@@H](C)CCC[C@@H](C)CCC[C@]1(C)CCC2=C(O1)C(C)=C(C)C(OC(C)=O)=C2C,-3.7,CC(=O)Oc1c(C)c(C)c2c(c1C)CC[C@@](C)(CCC[C@H](C)CCC[C@H](C)CCCC(C)C)O2
[Na+].CCCCC(CC)COC(=O)CC(C(=O)OCC(CC)CCCC)S([O-])(=O)=O,104.7,CCCCC(CC)COC(=O)CC(C(=O)OCC(CC)CCCC)S(=O)(=O)[O-]
CCCCCCCCCCCCC1=CC=CC=C1,-13.6,CCCCCCCCCCCCc1ccccc1
CCCCCCCCCCCCC1=CC(=CC=C1)S(=O)(=O)O.C(CO)N(CCO)CCO,101.8,CCCCCCCCCCCCc1cccc(S(=O)(=O)O)c1
S(O)(=O)(=O)C=1C(CCCCCCCCCCCC)=CC=CC1,105.3,CCCCCCCCCCCCc1ccccc1S(=O)(=O)O
OC1=CC=C(C=C1)CCCCCCCCCCCC,99.8,CCCCCCCCCCCCc1ccc(O)cc1
OC(=O)/C=C/C1=CC=CC=C1,53.5,OC(=O)/C=C/C1=CC=CC=C1
ClC1=C(Cl)C2(Cl)C3COS(=O)OCC3C1(Cl)C2(Cl)Cl,16.4,O=S1OCC2C(CO1)C1(Cl)C(Cl)=C(Cl)C2(Cl)C1(Cl)Cl
ClC1=C(Cl)[C@]2(Cl)[C@@H]3COS(=O)OC[C@@H]3[C@@]1(Cl)C2(Cl)Cl,18.9,O=S1OC[C@@H]2[C@H](CO1)[C@]1(Cl)C(Cl)=C(Cl)[C@@]2(Cl)C1(Cl)Cl
OC(=O)C1C2CCC(O2)C1C(O)=O,-3.4,O=C(O)C1C2CCC(O2)C1C(=O)O
CCOP(=S)(OC1=CC=C(C=C1)[N+]([O-])=O)C2=CC=CC=C2,78.6,CCOP(=S)(Oc1ccc([N+](=O)[O-])cc1)c1ccccc1
FC1=CC=C(C=C1)[C@@]2(CN3C=NC=N3)O[C@@H]2C4=C(Cl)C=CC=C4,62.2,Fc1ccc([C@@]2(Cn3cncn3)O[C@@H]2c2ccccc2Cl)cc1
CC[C@H]1OC(=O)[C@H](C)[C@@H](O[C@H]2C[C@@](C)(OC)[C@@H](O)[C@H](C)O2)[C@H](C)[C@@H](O[C@@H]3O[C@H](C)C[C@@H]([C@H]3O)N(C)C)[C@](C)(O)C[C@@H](C)C(=O)[C@H](C)[C@@H](O)[C@]1(C)O,13.4,CC[C@H]1OC(=O)[C@H](C)[C@@H](O[C@H]2C[C@@](C)(OC)[C@@H](O)[C@H](C)O2)[C@H](C)[C@@H](O[C@@H]2O[C@H](C)C[C@H](N(C)C)[C@H]2O)[C@](C)(O)C[C@@H](C)C(=O)[C@H](C)[C@@H](O)[C@]1(C)O
CC(C)[C@H](C(=O)O[C@H](C#N)C1=CC=CC(OC2=CC=CC=C2)=C1)C3=CC=C(Cl)C=C3,47.1,CC(C)[C@H](C(=O)O[C@H](C#N)c1cccc(Oc2ccccc2)c1)c1ccc(Cl)cc1
COC1=CC=C(CC=C)C=C1,21.6,C=CCc1ccc(OC)cc1
C[C@]12CC[C@H]3[C@@H](CCC4=C3C=CC(O)=C4)[C@@H]1C[C@@H](O)[C@@H]2O,29.7,C[C@]12CC[C@@H]3c4ccc(O)cc4CC[C@H]3[C@@H]1C[C@@H](O)[C@@H]2O
C12CCC(=O)[C@@]1(C)CCC3C4=C(CCC23)C=C(O)C=C4,15.3,C[C@]12CCC3c4ccc(O)cc4CCC3C1CCC2=O
CCOC1OC2=C(C=C(OS(C)(=O)=O)C=C2)C1(C)C,82.6,CCOC1Oc2ccc(OS(C)(=O)=O)cc2C1(C)C
CCOC(=O)CC1=CC=CC2=C1C=CC=C2,84.0,CCOC(=O)Cc1cccc2ccccc12
CCOC(=O)C1OC1C2=CC=CC=C2,40.1,CCOC(=O)C1OC1c1ccccc1
CCC(=O)C1=CC=C(Cl)C=C1,15.6,CCC(=O)c1ccc(Cl)cc1
CCN(CCO)CCO,4.5,CCN(CCO)CCO
CCCCCC(=O)OCC,1.8,CCCCCC(=O)OCC
CCCCCCCC/C=C\CCCCCCCC(=O)OCC,17.7,CCCCCCCC/C=C\CCCCCCCC(=O)OCC
CCOC(OCC)OCC,12.0,CCOC(OCC)OCC
CCOC(=O)CC,10.6,CCOC(=O)CC
CCOC(=O)CCCCCCCCC=C,26.8,C=CCCCCCCCCC(=O)OCC
OCCO,4.9,OCCO
CCOCCOC(C)=O,12.3,CCOCCOC(C)=O
O=C(OCCOCCOCCOC(=O)C1=CC=CC=C1)C2=CC=CC=C2,26.0,O=C(OCCOCCOCCOC(=O)c1ccccc1)c1ccccc1
CCOC(=O)C1=CC=C(O)C=C1,81.3,CCOC(=O)c1ccc(O)cc1
CCOC1=CC=C(C=C1)C(C)(C)COCC2=CC(OC3=CC=CC=C3)=CC=C2,51.7,CCOc1ccc(C(C)(C)COCc2cccc(Oc3ccccc3)c2)cc1
CCOC1=C(C=CC(=C1)C(C)(C)C)C2COC(=N2)C3=C(F)C=CC=C3F,40.1,CCOc1cc(C(C)(C)C)ccc1C1COC(c2c(F)cccc2F)=N1
COC1=C(O)C=CC(CC=C)=C1,91.2,C=CCc1ccc(O)c(OC)c1
[K+].CCC1=CC(=CC2=C1OCO2)C3=C(N(C4=CC=CC=C4C(F)(F)F)S(=O)(=O)C5=C3C=CC=C5)C([O-])=O,81.3,CCc1cc(C2=C(C(=O)[O-])N(c3ccccc3C(F)(F)F)S(=O)(=O)c3ccccc32)cc2c1OCO2
CC(C)=CCCC(C)=CCCC(C)=CCO,90.0,CC(C)=CCCC(C)=CCCC(C)=CCO
[Na+].[Na+].CCN(CC1=CC(=CC=C1)S([O-])(=O)=O)C2=CC=C(C=C2)C(=C3C=CC(C=C3)=[N+](CC)CC4=CC(=CC=C4)S([O-])(=O)=O)C5=C(C=C(O)C=C5)S([O-])(=O)=O,56.9,CCN(Cc1cccc(S(=O)(=O)[O-])c1)c1ccc(C(=C2C=CC(=[N+](CC)Cc3cccc(S(=O)(=O)[O-])c3)C=C2)c2ccc(O)cc2S(=O)(=O)[O-])cc1
S([O-])(=O)(=O)C1=CC2=C(C(/N=N/C3=CC=C(S([O-])(=O)=O)C=C3)=C(O)C=C2)C=C1.[Na+].[Na+],97.9,O=S(=O)([O-])c1ccc(/N=N/c2c(O)ccc3cc(S(=O)(=O)[O-])ccc23)cc1
CSC1=N[C@](C)(C(=O)N1NC2=CC=CC=C2)C3=CC=CC=C3,35.3,CSC1=N[C@@](C)(c2ccccc2)C(=O)N1Nc1ccccc1
CC1(C)C2CCC(C)(C2)C1O,3.6,CC12CCC(C1)C(C)(C)C2O
COP(=S)(OC)OC1=CC=C(C(C)=C1)[N+]([O-])=O,98.4,COP(=S)(OC)Oc1ccc([N+](=O)[O-])c(C)c1
CC(C)OC(=O)C(C)(C)OC1=CC=C(C=C1)C(=O)C2=CC=C(Cl)C=C2,24.8,CC(C)OC(=O)C(C)(C)Oc1ccc(C(=O)c2ccc(Cl)cc2)cc1
CCOC(=O)NCCOC1=CC=C(OC2=CC=CC=C2)C=C1,83.7,CCOC(=O)NCCOc1ccc(Oc2ccccc2)cc1
COP(=S)(OC)OC1=CC(C)=C(SC)C=C1,94.0,COP(=S)(OC)Oc1ccc(SC)c(C)c1
CN(C)C(=O)NC1=CC=CC=C1,6.9,CN(C)C(=O)Nc1ccccc1
NC1=C(C(=NN1C2=C(Cl)C=C(C=C2Cl)C(F)(F)F)C#N)S(=O)C(F)(F)F,57.4,N#Cc1nn(-c2c(Cl)cc(C(F)(F)F)cc2Cl)c(N)c1S(=O)C(F)(F)F
O=C1C=C(OC2=CC=CC=C12)C3=CC=CC=C3,95.1,O=c1cc(-c2ccccc2)oc2ccccc12
[O-][N+](=O)C1=CC(=C(Cl)C(=C1NC2=C(Cl)C=C(C=N2)C(F)(F)F)[N+]([O-])=O)C(F)(F)F,108.7,O=[N+]([O-])c1cc(C(F)(F)F)c(Cl)c([N+](=O)[O-])c1Nc1ncc(C(F)(F)F)cc1Cl
OC(CN1C=NC=N1)(CN2C=NC=N2)C3=C(F)C=C(F)C=C3,8.8,OC(Cn1cncn1)(Cn1cncn1)c1ccc(F)cc1F
CC(C)N(C(=O)COC1=NN=C(S1)C(F)(F)F)C2=CC=C(F)C=C2,66.8,CC(C)N(C(=O)COc1nnc(C(F)(F)F)s1)c1ccc(F)cc1
FC1=CC=CC(F)=C1C(=O)NC(=O)NC2=C(F)C=C(OC3=C(Cl)C=C(C=C3)C(F)(F)F)C=C2,20.0,O=C(NC(=O)c1c(F)cccc1F)Nc1ccc(Oc2ccc(C(F)(F)F)cc2Cl)cc1F
CCOC(=O)COC1=CC(N2N=CC(=C(C)C2=O)C(F)(F)F)=C(F)C=C1Cl,24.7,CCOC(=O)COc1cc(-n2ncc(C(F)(F)F)c(C)c2=O)c(F)cc1Cl
CCN(CC1=C(Cl)C=CC=C1F)C2=C(C=C(C=C2[N+]([O-])=O)C(F)(F)F)[N+]([O-])=O,61.1,CCN(Cc1c(F)cccc1Cl)c1c([N+](=O)[O-])cc(C(F)(F)F)cc1[N+](=O)[O-]
FC1=CC2=C(C=C1N3C(=O)C4=C(CCCC4)C3=O)N(CC#C)C(=O)CO2,85.2,C#CCN1C(=O)COc2cc(F)c(N3C(=O)C4=C(CCCC4)C3=O)cc21
CN(C)C(=O)NC1=CC=CC(=C1)C(F)(F)F,54.8,CN(C)C(=O)Nc1cccc(C(F)(F)F)c1
OCCC(F)(F)C(F)(F)C(F)(F)C(F)(F)C(F)(F)C(F)(F)C(F)(F)C(F)(F)F,45.8,OCCC(F)(F)C(F)(F)C(F)(F)C(F)(F)C(F)(F)C(F)(F)C(F)(F)C(F)(F)F
CO/N=C(/C1=NOCCO1)\C2=C(OC3=NC=NC(OC4=CC=CC=C4Cl)=C3F)C=CC=C2,88.2,CO/N=C(/C1=NOCCO1)c1ccccc1Oc1ncnc(Oc2ccccc2Cl)c1F
NC1=C(Cl)C(F)=NC(OCC(O)=O)=C1Cl,84.5,Nc1c(Cl)c(F)nc(OCC(=O)O)c1Cl
CCCCCCC(C)OC(=O)COC1=NC(F)=C(Cl)C(N)=C1Cl,84.2,CCCCCCC(C)OC(=O)COc1nc(F)c(Cl)c(N)c1Cl
C[Si](CN1C=NC=N1)(C2=CC=C(F)C=C2)C3=CC=C(F)C=C3,52.2,C[Si](Cn1cncn1)(c1ccc(F)cc1)c1ccc(F)cc1
CC(C)C(=O)NC1=CC(=C(C=C1)[N+]([O-])=O)C(F)(F)F,30.4,CC(C)C(=O)Nc1ccc([N+](=O)[O-])c(C(F)(F)F)c1
CC(C)OC1=CC(NC(=O)C2=C(C=CC=C2)C(F)(F)F)=CC=C1,75.6,CC(C)Oc1cccc(NC(=O)c2ccccc2C(F)(F)F)c1
CS(=O)(=O)NC(=O)C1=CC(OC2=CC=C(C=C2Cl)C(F)(F)F)=CC=C1[N+]([O-])=O,97.6,CS(=O)(=O)NC(=O)c1cc(Oc2ccc(C(F)(F)F)cc2Cl)ccc1[N+](=O)[O-]
ClC1=NC=CC(NC(=O)NC2=CC=CC=C2)=C1,54.6,O=C(Nc1ccccc1)Nc1ccnc(Cl)c1
C=O,14.6,C=O
NC=O,2.3,NC=O
CC1=C(C2=C(O1)C(NC(=O)C3=C(Cl)C=CC=C3Cl)=CC=C2)C(C)(C)O,102.1,Cc1oc2c(NC(=O)c3c(Cl)cccc3Cl)cccc2c1C(C)(C)O
OC(=O)/C=C/C(O)=O,6.0,OC(=O)/C=C/C(O)=O
CCCOC(=O)C1=CC(O)=C(O)C(O)=C1,104.8,CCCOC(=O)c1cc(O)c(O)c(O)c1
O=C1CCCO1,11.3,O=C1CCCO1
CCC1CCC(=O)O1,54.0,CCC1CCC(=O)O1
CCCC1CCC(=O)O1,10.6,CCCC1CCC(=O)O1
CCCCCC1CCC(=O)O1,13.3,CCCCCC1CCC(=O)O1
CC(C)=CCC/C(/C)=C/COC(C)=O,24.6,CC(=O)OC/C=C(\C)CCC=C(C)C
C12CC[C@@]3(O)C[C@]1(CC3=C)[C@@H](C(O)=O)C4[C@@]5(C)[C@@H](O)C=C[C@@]24OC5=O,-5.4,C=C1C[C@]23C[C@]1(O)CCC2[C@@]12C=C[C@H](O)[C@@](C)(C(=O)O1)C2[C@@H]3C(=O)O
CCCCCCCC(=O)OCC(CO)O,35.0,CCCCCCCC(=O)OCC(O)CO
CCCCCCCCC=CCCCCCCCC(=O)OCC(CO)O,76.5,CCCCCCCCC=CCCCCCCCC(=O)OCC(O)CO
CCCCCCC(CC=CCCCCCCCC(=O)OCC(CO)O)O,85.6,CCCCCCC(O)CC=CCCCCCCCC(=O)OCC(O)CO
CCCCCCCCCCCCCCCCCC(=O)OCC(O)CO,9.3,CCCCCCCCCCCCCCCCCC(=O)OCC(O)CO
OCC1CO1,2.9,OCC1CO1
CCCCCCCCCC1=CC=C(OCCO)C=C1,44.3,CCCCCCCCCc1ccc(OCCO)cc1
C12C(NC(=O)N1)NC(=O)N2,6.5,O=C1NC2NC(=O)NC2N1
CCCCCCC(CCCCCCCCCCC(=O)OCC(COC(=O)C)OC(=O)C)OC(=O)C,21.2,CCCCCCC(CCCCCCCCCCC(=O)OCC(COC(C)=O)OC(C)=O)OC(C)=O
NC(=O)CN(CC(F)(F)F)C1=CC(=C(C=C1)C#N)C(F)(F)F,21.3,N#Cc1ccc(N(CC(N)=O)CC(F)(F)F)cc1C(F)(F)F
CC1=CC=C(C=C1)S(O)(=O)=O.CCN(C(C)C)C(=O)C1=CC(OC[C@H](C)NC2=CC=NC=C2)=CC(C)=C1,5.9,CCN(C(=O)c1cc(C)cc(OC[C@H](C)Nc2ccncc2)c1)C(C)C
C12[C@@H]3O[C@@H]3[C@H](Cl)C1[C@@]4(Cl)C(Cl)=C(Cl)C2(Cl)C4(Cl)Cl,-20.2,ClC1=C(Cl)[C@]2(Cl)C3C([C@@H]4O[C@@H]4[C@@H]3Cl)C1(Cl)C2(Cl)Cl
CCCCCCC=O,56.9,CCCCCCC=O
CCCCCCC(O)=O,43.3,CCCCCCC(O)=O
CCCCCCC(=O)C1=CC=CC=C1,41.7,CCCCCCC(=O)c1ccccc1
CCCCCCCOC(=O)CCC,18.6,CCCCCCCOC(=O)CCC
CCCCCCCOC(=O)C1=CC=C(O)C=C1,103.0,CCCCCCCOC(=O)c1ccc(O)cc1
ClC(Cl)=C(Cl)C(Cl)=C(Cl)Cl,98.9,ClC(Cl)=C(Cl)C(Cl)=C(Cl)Cl
ClC1=C(Cl)C(Cl)(Cl)C(Cl)=C1Cl,98.4,ClC1=C(Cl)C(Cl)(Cl)C(Cl)=C1Cl
CCCCC(O)(CN1C=NC=N1)C2=CC=C(Cl)C=C2Cl,69.0,CCCCC(O)(Cn1cncn1)c1ccc(Cl)cc1Cl
CCCCCCCCCCCCCCCC,10.1,CCCCCCCCCCCCCCCC
CCCCCCCCCCCCCCCC(O)=O,53.4,CCCCCCCCCCCCCCCC(O)=O
FC(F)C(F)(F)OC1=C(Cl)C=C(NC(=O)NC(=O)C2=C(F)C=CC=C2F)C=C1Cl,-18.9,O=C(NC(=O)c1c(F)cccc1F)Nc1cc(Cl)c(OC(F)(F)C(F)F)c(Cl)c1
O=C(OCCCCCCOC(=O)C1=CC=CC=C1)C2=CC=CC=C2,26.8,O=C(OCCCCCCOC(=O)c1ccccc1)c1ccccc1
N#CCCCCC#N,15.9,N#CCCCCC#N
OC(=O)CCCCC(O)=O,13.8,OC(=O)CCCCC(O)=O
O(CC(C(CC)C)C)C(=O)CCCCCC(OCC(CCC)CC)=O,11.6,CCCC(CC)COC(=O)CCCCCC(=O)OCC(C)C(C)CC
CCCCCC(O)=O,11.2,CCCCCC(O)=O
CN(C)C1=NC(=O)N(C2CCCCC2)C(=O)N1C,21.6,CN(C)c1nc(=O)n(C2CCCCC2)c(=O)n1C
CCCCCCOC(=O)C1=CC=CC=C1,51.2,CCCCCCOC(=O)c1ccccc1
C[C@H]1[C@@H](SC(=O)N1C(=O)NC2CCCCC2)C3=CC=C(Cl)C=C3,56.4,C[C@H]1[C@H](c2ccc(Cl)cc2)SC(=O)N1C(=O)NC1CCCCC1
NS(=O)(=O)C1=CC2=C(NCNS2(=O)=O)C=C1Cl,-6.7,NS(=O)(=O)c1cc2c(cc1Cl)NCNS2(=O)=O
OC1=CC=C(O)C=C1,19.9,Oc1ccc(O)cc1
COC1=CC=C(OC)C=C1,19.2,COc1ccc(OC)cc1
CC(CCCC(C)(C)O)CC=O,28.7,CC(CC=O)CCCC(C)(C)O
CC(C)(O)C(=O)NC1=CC(=C(C=C1)[N+]([O-])=O)C(F)(F)F,29.8,CC(C)(O)C(=O)Nc1ccc([N+](=O)[O-])c(C(F)(F)F)c1
CCC(C)OC(=O)N1CCCCC1CCO,13.4,CCC(C)OC(=O)N1CCCCC1CCO
CC(C)CCCCCCC1=CC=C(C=C1)OCCOCCO,2.8,CC(C)CCCCCCc1ccc(OCCOCCO)cc1
O=C1NC(=NC1(C(C)C)C)C2=C(C=CC(=C2)C)C(OC)=O,12.2,COC(=O)c1ccc(C)cc1C1=NC(C)(C(C)C)C(=O)N1
CC(C)C1(C)NC(=NC1=O)C2=NC=C(C)C=C2C(O)=O,12.5,Cc1cnc(C2=NC(=O)C(C)(C(C)C)N2)c(C(=O)O)c1
CC(C)C1(C)N=C(NC1=O)C2=NC3=C(C=CC=C3)C=C2C(O)=O,14.5,CC(C)C1(C)N=C(c2nc3ccccc3cc2C(=O)O)NC1=O
CCC1=CN=C(C2=NC(C)(C(C)C)C(=O)N2)C(=C1)C(O)=O,8.2,CCc1cnc(C2=NC(C)(C(C)C)C(=O)N2)c(C(=O)O)c1
N1C=CN=C1,3.6,N1C=CN=C1
OCN1C(NC(=O)NCNC(=O)NC2N(CO)C(=O)NC2=O)C(=O)NC1=O,20.5,O=C(NCNC(=O)NC1C(=O)NC(=O)N1CO)NC1C(=O)NC(=O)N1CO
[As]#[In],-16.2,[As]#[In]
COC(=O)N(C(=O)N1CO[C@]2(CC3=C(C=CC(Cl)=C3)C2=N1)C(=O)OC)C4=CC=C(OC(F)(F)F)C=C4,37.9,COC(=O)N(C(=O)N1CO[C@@]2(C(=O)OC)Cc3cc(Cl)ccc3C2=N1)c1ccc(OC(F)(F)F)cc1
O[C@H]([C@H](CC1=CC=CC=C1)NC(=O)C2=CC3=CC(Cl)=CC=C3N2)C(=O)N4C[C@H](O)[C@H](O)C4,52.2,O=C(N[C@@H](Cc1ccccc1)[C@@H](O)C(=O)N1C[C@@H](O)[C@@H](O)C1)c1cc2cc(Cl)ccc2[nH]1
[Na+].COC(=O)C1=C(C=C(I)C=C1)S(=O)(=O)[N-]C(=O)NC2=NC(OC)=NC(C)=N2,96.9,COC(=O)c1ccc(I)cc1S(=O)(=O)[N-]C(=O)Nc1nc(C)nc(OC)n1
CCC(CC1=C(I)C=C(I)C(N)=C1I)C(O)=O,102.5,CCC(Cc1c(I)cc(I)c(N)c1I)C(=O)O
CCOP(=S)(OCC)OC1=NN(C(C)C)C(Cl)=N1,75.6,CCOP(=S)(OCC)Oc1nc(Cl)n(C(C)C)n1
CC1(C)[C@@H]2CC[C@@]1(C)[C@H](O)C2,-7.8,CC1(C)[C@@H]2CC[C@@]1(C)[C@H](O)C2
CC(=O)O[C@H]1C[C@@H]2CC[C@@]1(C)C2(C)C,12.6,CC(=O)O[C@H]1C[C@@H]2CC[C@@]1(C)C2(C)C
O([C@H]1[C@]2(C(C(C1)CC2)(C)C)C)C(=O)CC,10.6,CCC(=O)O[C@@H]1CC2CC[C@]1(C)C2(C)C
COC1=CC(C=CC)=CC=C1O,88.8,CC=Cc1ccc(O)c(OC)c1
NNC(=O)C1=CC=NC=C1,76.8,NNC(=O)c1ccncc1
CC(C)CCCCCCCCCCCCCCC(=O)O,103.9,CC(C)CCCCCCCCCCCCCCC(=O)O
CC(C)CCCCCOC(=O)C=C,19.9,C=CC(=O)OCCCCCC(C)C
CC(C)OC(C)=O,11.2,CC(=O)OC(C)C
CC(C)OC=O,13.0,CC(C)OC=O
CCCCCCCCCCCCCC(=O)OC(C)C,7.8,CCCCCCCCCCCCCC(=O)OC(C)C
CC(C)C1=CC=C(C)C(O)=C1,80.5,Cc1ccc(C(C)C)cc1O
CCC(C)(CC)C1=NOC(NC(=O)C2=C(OC)C=CC=C2OC)=C1,79.6,CCC(C)(CC)c1cc(NC(=O)c2c(OC)cccc2OC)on1
CO/N=C(/C(=O)OC)\C1=C(COC2=C(C)C=CC=C2)C=CC=C1,94.0,CO/N=C(/C(=O)OC)c1ccccc1COc1ccccc1C
O[C@H]([C@@H](O)C(O)=O)C(O)=O,19.0,O[C@H]([C@@H](O)C(O)=O)C(O)=O
CCOC(=O)C(C)OC(=O)C1=C(C=CC(OC2=C(Cl)C=C(C=C2)C(F)(F)F)=C1)[N+]([O-])=O,51.8,CCOC(=O)C(C)OC(=O)c1cc(Oc2ccc(C(F)(F)F)cc2Cl)ccc1[N+](=O)[O-]
[C@H]1(O[C@@H]2O[C@H](CO)[C@H](O)[C@H](O)[C@H]2O)[C@H](O)[C@@H](O)[C@H](O)O[C@@H]1CO,7.2,OC[C@H]1O[C@@H](O[C@H]2[C@H](O)[C@@H](O)[C@H](O)O[C@@H]2CO)[C@H](O)[C@@H](O)[C@H]1O
CC1(C)[C@H](/C=C(\Cl)/C(F)(F)F)[C@@H]1C(=O)O[C@@H](C#N)C2=CC(OC3=CC=CC=C3)=CC=C2,57.4,CC1(C)[C@H](/C=C(\Cl)C(F)(F)F)[C@@H]1C(=O)O[C@@H](C#N)c1cccc(Oc2ccccc2)c1
CC(C)=CCC[C@](C)(O)[C@H]1CCC(C)=CC1,41.0,CC(C)=CCC[C@](C)(O)[C@@H]1CC=C(C)CC1
C12CC[C@@](O)(C#C)[C@@]1(CC)CCC3C4CCC(=O)C=C4CCC23,18.0,C#C[C@]1(O)CCC2C3CCC4=CC(=O)CCC4C3CC[C@@]21CC
CC(C)=CCCC(C)(O)C=C,13.0,C=CC(C)(O)CCC=C(C)C
CC(C)=CCCC(C)(OC(C)=O)C=C,15.4,C=CC(C)(CCC=C(C)C)OC(C)=O
CCCCC/C=C\C/C=C\CCCCCCCC(O)=O,74.5,CCCCC/C=C\C/C=C\CCCCCCCC(=O)O
CON(C)C(=O)NC1=CC=C(Cl)C(Cl)=C1,60.2,CON(C)C(=O)Nc1ccc(Cl)c(Cl)c1
CC1=CC(O)=CC=C1,30.6,Cc1cccc(O)c1
CC1=CC(C)=CC=C1,34.2,Cc1cccc(C)c1
[Mg+2].[O-]C(=O)C1=CC=CC=C1.[O-]C(=O)C1=CC=CC=C1,25.0,[O-]C(=O)C1=CC=CC=C1
CCOC(=O)CC(SP(=S)(OC)OC)C(=O)OCC,75.0,CCOC(=O)CC(SP(=S)(OC)OC)C(=O)OCC
OC(=O)/C=C\C(O)=O,11.5,OC(=O)/C=C\C(O)=O
O=C1NNC(=O)C=C1,11.9,O=c1ccc(=O)[nH][nH]1
OC(CC(O)=O)C(O)=O,-18.7,OC(CC(O)=O)C(O)=O
C(CNC(=S)[S-])NC(=S)[S-].C(CNC(=S)[S-])NC(=S)[S-].[Mn+2].[ZnH2+2],64.1,S=C([S-])NCCNC(=S)[S-]
[Mn+2].[S-]C(=S)NCCNC([S-])=S,37.4,S=C([S-])NCCNC(=S)[S-]
CCCCC(CC)COC(=O)C1=CC=CC=C1C(O)=O,99.0,CCCCC(CC)COC(=O)c1ccccc1C(=O)O
CC(C)OC1=CC=CC(NC(=O)C2=C(C)C=CC=C2)=C1,59.8,Cc1ccccc1C(=O)Nc1cccc(OC(C)C)c1
CC[C@@H]([C@@H](CC)C1=CC=C(O)C=C1)C2=CC=C(O)C=C2,102.0,CC[C@H](c1ccc(O)cc1)[C@@H](CC)c1ccc(O)cc1
CS(=O)(=O)C1=CC(=C(C=C1)C(=O)C2C(=O)CCCC2=O)[N+]([O-])=O,75.8,CS(=O)(=O)c1ccc(C(=O)C2C(=O)CCCC2=O)c([N+](=O)[O-])c1
COCC(=O)N(C(C)C(=O)OC)C1=C(C)C=CC=C1C,19.9,COCC(=O)N(c1c(C)cccc1C)C(C)C(=O)OC
CC1(C)CCC(CC2=CC=C(Cl)C=C2)C1(O)CN3C=NC=N3,31.7,CC1(C)CCC(Cc2ccc(Cl)cc2)C1(O)Cn1cncn1
CC(=C)C(N)=O,9.2,C=C(C)C(N)=O
CC(=C)C#N,3.5,C=C(C)C#N
Cl.CCC(=O)C(CC(C)N(C)C)(C1=CC=CC=C1)C2=CC=CC=C2,-4.6,CCC(=O)C(CC(C)N(C)C)(c1ccccc1)c1ccccc1
COP(N)(=O)SC,17.4,COP(N)(=O)SC
N12C(N3C(N(C(N(C1([H])[H])C3([H])[H])([H])[H])C2([H])[H])([H])[H])([H])[H],21.7,C1N2CN3CN1CN(C2)C3
COC1=NN(CSP(=S)(OC)OC)C(=O)S1,73.9,COc1nn(CSP(=S)(OC)OC)c(=O)s1
CN1C=CNC1=S,60.3,Cn1cc[nH]c1=S
CNC(=O)ON=C(C)SC,19.4,CNC(=O)ON=C(C)SC
COC1=CC=C(C=C1)C(C2=CC=C(OC)C=C2)C(Cl)(Cl)Cl,23.8,COc1ccc(C(c2ccc(OC)cc2)C(Cl)(Cl)Cl)cc1
COC1=CC=CC(C(=O)NN(C(=O)C2=CC(C)=CC(C)=C2)C(C)(C)C)=C1C,86.0,COc1cccc(C(=O)NN(C(=O)c2cc(C)cc(C)c2)C(C)(C)C)c1C
COC(=O)C1=C(O)C(C)=C(O)C=C1C,96.9,COC(=O)c1c(C)cc(O)c(C)c1O
CCCCCCCCCC(=O)OC,20.2,CCCCCCCCCC(=O)OC
CCCCCC1C(CC(=O)OC)CCC1=O,20.9,CCCCCC1C(=O)CCC1CC(=O)OC
CCCCCCCCCCCC(=O)OC,32.1,CCCCCCCCCCCC(=O)OC
CCCCCCCC(=O)OC,15.7,CCCCCCCC(=O)OC
COP(=S)(OC)OC1=CC=C(C=C1)[N+]([O-])=O,92.6,COP(=S)(OC)Oc1ccc([N+](=O)[O-])cc1
CN(C)C1=CC=C(C=C1)/N=N/C2=C(C=CC=C2)C(O)=O,109.1,CN(C)c1ccc(/N=N/c2ccccc2C(=O)O)cc1
COC(=O)C1=C(O)C=CC=C1,33.2,COC(=O)c1ccccc1O
CC(=O)C=CC1=CC=CC=C1,27.3,CC(=O)C=Cc1ccccc1
[Cl-].CN(C)C1=CC2=[S+]C3=C(C=CC(=C3)N(C)C)N=C2C=C1,49.3,CN(C)c1ccc2nc3ccc(N(C)C)cc3[s+]c2c1
COC1=CC=C(CC=C)C=C1OC,59.5,C=CCc1ccc(OC)c(OC)c1
CCC(=O)C=CC1C(=CCCC1(C)C)C,49.8,CCC(=O)C=CC1C(C)=CCCC1(C)C
COC(=O)C1=CC=C(O)C=C1,51.5,COC(=O)c1ccc(O)cc1
CSC1=NN=C(C(=O)N1N)C(C)(C)C,10.7,CSc1nnc(C(C)(C)C)c(=O)n1N
ClC12C3(Cl)C4(Cl)C5(Cl)C(Cl)(C1(Cl)C4(Cl)Cl)C2(Cl)C(Cl)(Cl)C35Cl,17.6,ClC1(Cl)C2(Cl)C3(Cl)C4(Cl)C(Cl)(Cl)C5(Cl)C3(Cl)C1(Cl)C5(Cl)C24Cl
[Na+].[Na+].CCCCC1=NC2=C(C=C1)[C@@H]([C@H]([C@@H]2C3=CC=C(OC)C=C3C[C@H](C)C([O-])=O)C([O-])=O)C4=CC5=C(OCO5)C=C4,69.3,CCCCc1ccc2c(n1)[C@@H](c1ccc(OC)cc1C[C@H](C)C(=O)[O-])[C@H](C(=O)[O-])[C@H]2c1ccc2c(c1)OCO2
CCN1N=C(CC2=CC=CC=C2)C=C1C3CCN(C[C@H]4C[C@@H](C[C@@H]4C5=CC=CC(F)=C5)N(C)[C@H](C(C)C)C(O)=O)CC3,9.6,CCn1nc(Cc2ccccc2)cc1C1CCN(C[C@H]2C[C@H](N(C)[C@@H](C(=O)O)C(C)C)C[C@@H]2c2cccc(F)c2)CC1
OC(=O)CCC([O-])=O.CO[C@@H]1COCC[C@@H]1[NH2+][C@@H]2CC[C@](C2)(C(C)C)C(=O)N3CCC4=C(C3)C=C(C=N4)C(F)(F)F,20.9,CO[C@@H]1COCC[C@@H]1[NH2+][C@@H]1CC[C@@](C(=O)N2CCc3ncc(C(F)(F)F)cc3C2)(C(C)C)C1
CCSC(=O)N1CCCCCC1,11.8,CCSC(=O)N1CCCCCC1
ClC(Cl)C(=O)N1CCOC12CCCCC2,10.5,O=C(C(Cl)Cl)N1CCOC12CCCCC2
CNC(=O)/C=C(\C)/OP(=O)(OC)OC,8.0,CNC(=O)/C=C(\C)OP(=O)(OC)OC
COC(=O)C1=C(C=CC=C1)C(O)=O,16.0,COC(=O)c1ccccc1C(=O)O
[K+].OC(=O)C1=C(C=CC=C1)C([O-])=O,84.3,O=C([O-])c1ccccc1C(=O)O
CCCCCCCCCCCCCOP(O)(O)=O,104.9,CCCCCCCCCCCCCOP(=O)(O)O
CN(C)C(=O)NC1=CC=C(Cl)C=C1,12.9,CN(C)C(=O)Nc1ccc(Cl)cc1
C1COCCN1,-2.4,C1COCCN1
CCC(=O)NC1=CC=C(Cl)C(Cl)=C1,58.0,CCC(=O)Nc1ccc(Cl)c(Cl)c1
FC(C(F)(F)F)C(F)(F)OC1=CC(Cl)=C(NC(=O)NC(=O)C2=C(F)C=CC=C2F)C=C1Cl,86.4,O=C(NC(=O)c1c(F)cccc1F)Nc1cc(Cl)c(OC(F)(F)C(F)C(F)(F)F)cc1Cl
CCCCNS(=O)(=O)C1=CC=CC=C1,17.8,CCCCNS(=O)(=O)c1ccccc1
CCCCCCCCCCCC(=O)N(C)CC(O)=O,85.9,CCCCCCCCCCCC(=O)N(C)CC(=O)O
CCNS(=O)(=O)C(F)(F)C(F)(F)C(F)(F)C(F)(F)C(F)(F)C(F)(F)C(F)(F)C(F)(F)F,94.7,CCNS(=O)(=O)C(F)(F)C(F)(F)C(F)(F)C(F)(F)C(F)(F)C(F)(F)C(F)(F)C(F)(F)F
CN1CCCC1=O,7.9,CN1CCCC1=O
CNC(C)=O,20.5,CNC(C)=O
CN(N=O)C(N)=O,0.8,CN(N=O)C(N)=O
CCCN(CCC)N=O,8.9,CCCN(CCC)N=O
CCN(CC)N=O,7.3,CCN(CC)N=O
CN(C)N=O,-12.8,CN(C)N=O
O=NN(C1=CC=CC=C1)C2=CC=CC=C2,86.7,O=NN(c1ccccc1)c1ccccc1
NC1=CC=C(NC2=CC=CC=C2)C=C1,90.1,Nc1ccc(Nc2ccccc2)cc1
CCN(CC)CCO,12.7,CCN(CC)CCO
CCCCCCCCCC[N+](C)(C)[O-],9.3,CCCCCCCCCC[N+](C)(C)[O-]
CCCCCCCC(=O)N(C)C,13.0,CCCCCCCC(=O)N(C)C
ClC(Cl)(Cl)C(NC=O)N1CCN(CC1)C(NC=O)C(Cl)(Cl)Cl,-4.8,O=CNC(N1CCN(C(NC=O)C(Cl)(Cl)Cl)CC1)C(Cl)(Cl)Cl
CCCCNC(=S)NCCCC,20.0,CCCCNC(=S)NCCCC
CCNC(=S)NCC,5.4,CCNC(=S)NCC
C=CC(=O)NCNC(=O)C=C,50.3,C=CC(=O)NCNC(=O)C=C
C1=CC2=CC=CC=C2C=C1,34.8,c1ccc2ccccc2c1
COC1=CC(OC)=C(C=C1)S(=O)(=O)N2C(=O)[C@@](N3C[C@H](O)C[C@H]3C(=O)N(C)C)(C4=CC(Cl)=CC=C24)C5=CC=CC=C5OC,21.8,COc1ccc(S(=O)(=O)N2C(=O)[C@@](c3ccccc3OC)(N3C[C@H](O)C[C@H]3C(=O)N(C)C)c3cc(Cl)ccc32)c(OC)c1
OC(=O)C(CCC(C)C)(CC)C,38.0,CCC(C)(CCC(C)C)C(=O)O
CC(C)=CCCC(C)=CCCC(C)(O)C=C,75.4,C=CC(C)(O)CCC=C(C)CCC=C(C)C
COC1=CC(OC)=NC(NC(=O)NS(=O)(=O)C2=NC=CC=C2C(=O)N(C)C)=N1,17.7,COc1cc(OC)nc(NC(=O)NS(=O)(=O)c2ncccc2C(=O)N(C)C)n1
OC(=O)C1=CC=CN=C1,9.9,OC(=O)C1=CC=CN=C1
ClC1=CC=CC(=N1)C(Cl)(Cl)Cl,76.0,Clc1cccc(C(Cl)(Cl)Cl)n1
OC(=O)CN(CC(O)=O)CC(O)=O,2.5,O=C(O)CN(CC(=O)O)CC(=O)O
[O-][N+](=O)C1=CC=CC=C1,56.1,O=[N+]([O-])c1ccccc1
[O-][N+](=O)C1=CC=C(OC2=C(Cl)C=C(Cl)C=C2)C=C1,68.4,O=[N+]([O-])c1ccc(Oc2ccc(Cl)cc2Cl)cc1
CCCCCCCCC,3.2,CCCCCCCCC
OC(=O)CCCCCCCC(O)=O,20.8,O=C(O)CCCCCCCC(=O)O
CCCCCCCCC(O)=O,94.0,CCCCCCCCC(=O)O
CC(CC1=CC(O)=C(O)C=C1)C(C)CC2=CC=C(O)C(O)=C2,108.6,CC(Cc1ccc(O)c(O)c1)C(C)Cc1ccc(O)c(O)c1
C12CC[C@@](O)(C#C)[C@@]1(C)CCC3C4CCC(=O)C=C4CCC23,15.8,C#C[C@]1(O)CCC2C3CCC4=CC(=O)CCC4C3CC[C@@]21C
CNC1=C(Cl)C(=O)N(N=C1)C2=CC=CC(=C2)C(F)(F)F,48.0,CNc1cnn(-c2cccc(C(F)(F)F)c2)c(=O)c1Cl
CC1=CC=CC=C1N=NC2=CC(C)=C(N)C=C2,111.0,Cc1cc(N=Nc2ccccc2C)ccc1N
CC1=C(O)C=CC=C1,47.4,Cc1ccccc1O
ClC1=CC=C(C=C1)C(C2=CC=CC=C2Cl)C(Cl)(Cl)Cl,22.5,Clc1ccc(C(c2ccccc2Cl)C(Cl)(Cl)Cl)cc1
CCCCCCCCOC1=CC(O)=C(C=C1)C(=O)C2=CC=CC=C2,92.7,CCCCCCCCOc1ccc(C(=O)c2ccccc2)c(O)c1
C[Si]1(C)O[Si](C)(C)O[Si](C)(C)O[Si](C)(C)O1,-1.3,C[Si]1(C)O[Si](C)(C)O[Si](C)(C)O[Si](C)(C)O1
CCCCCCCC=O,-4.9,CCCCCCCC=O
CCCCCCCC(O)=O,80.5,CCCCCCCC(O)=O
CCCCCCCCN1SC=CC1=O,40.3,CCCCCCCCn1sccc1=O
CC(C)(C)CC(C)(C)C1=CC(N2N=C3C=CC=CC3=N2)=C(O)C=C1,49.2,CC(C)(C)CC(C)(C)c1ccc(O)c(-n2nc3ccccc3n2)c1
CCCCCCCCOC(C)=O,15.0,CCCCCCCCOC(C)=O
CCCCCCCCCCOC(=O)C1=C(C=CC=C1)C(=O)OCCCCCCCC,28.0,CCCCCCCCCCOC(=O)c1ccccc1C(=O)OCCCCCCCC
CCCCCCCCOC(=O)C1=CC=C(O)C=C1,96.7,CCCCCCCCOC(=O)c1ccc(O)cc1
CCCCCCCC/C=C\CCCCCCCC(O)=O,98.2,CCCCCCCC/C=C\CCCCCCCC(O)=O
OC(=O)C(O)=O,18.5,OC(=O)C(O)=O
CNC(=O)ON=C(SC)C(=O)N(C)C,23.9,CNC(=O)ON=C(SC)C(=O)N(C)C
OC1N=C(C2=CC=CC=C2)C3=CC(Cl)=CC=C3NC1=O,23.5,O=C1Nc2ccc(Cl)cc2C(c2ccccc2)=NC1O
CCOC1=CC(OC2=CC=C(C=C2Cl)C(F)(F)F)=CC=C1[N+]([O-])=O,59.8,CCOc1cc(Oc2ccc(C(F)(F)F)cc2Cl)ccc1[N+](=O)[O-]
ClC(Cl)C(C1=CC=C(Cl)C=C1)C2=CC=C(Cl)C=C2,19.9,Clc1ccc(C(c2ccc(Cl)cc2)C(Cl)Cl)cc1
ClC(=C(C1=CC=C(Cl)C=C1)C2=CC=C(Cl)C=C2)Cl,23.8,ClC(Cl)=C(c1ccc(Cl)cc1)c1ccc(Cl)cc1
CC(C)(C)[C@@H](O)[C@@H](CC1=CC=C(Cl)C=C1)N2C=NC=N2,30.4,CC(C)(C)[C@@H](O)[C@@H](Cc1ccc(Cl)cc1)n1cncn1
CCOP(=O)(OCC)OC1=CC=C(C=C1)[N+]([O-])=O,98.8,CCOP(=O)(OCC)Oc1ccc([N+](=O)[O-])cc1
CCOP(=S)(OCC)OC1=CC=C(C=C1)[N+]([O-])=O,84.1,CCOP(=S)(OCC)Oc1ccc([N+](=O)[O-])cc1
CCC(CC)NC1=C(C=C(C)C(C)=C1[N+]([O-])=O)[N+]([O-])=O,105.0,CCC(CC)Nc1c([N+](=O)[O-])cc(C)c(C)c1[N+](=O)[O-]
COC1=CN=C(OC)N2N=C(NS(=O)(=O)C3=C(C=CC=C3OCC(F)F)C(F)(F)F)N=C12,26.5,COc1cnc(OC)n2nc(NS(=O)(=O)c3c(OCC(F)F)cccc3C(F)(F)F)nc12
[O-][N+](=O)C1=C(Cl)C(Cl)=C(Cl)C(Cl)=C1Cl,69.7,O=[N+]([O-])c1c(Cl)c(Cl)c(Cl)c(Cl)c1Cl
CCCCCCCCCCCCCCC,4.7,CCCCCCCCCCCCCCC
[O-][N+](=O)OCC(CO[N+]([O-])=O)(CO[N+]([O-])=O)CO[N+]([O-])=O,-0.8,O=[N+]([O-])OCC(CO[N+](=O)[O-])(CO[N+](=O)[O-])CO[N+](=O)[O-]
CCCCC=O,1.2,CCCCC=O
O=C(OCCCCCOC(=O)C1=CC=CC=C1)C2=CC=CC=C2,16.3,O=C(OCCCCCOC(=O)c1ccccc1)c1ccccc1
CCCCC(O)=O,26.3,CCCCC(O)=O
CCCCCOC(C)=O,38.3,CCCCCOC(C)=O
OC(=O)C(F)(F)C(F)(F)C(F)(F)C(F)(F)C(F)(F)C(F)(F)C(F)(F)C(F)(F)C(F)(F)F,102.9,O=C(O)C(F)(F)C(F)(F)C(F)(F)C(F)(F)C(F)(F)C(F)(F)C(F)(F)C(F)(F)C(F)(F)F
OC(=O)C(F)(F)C(F)(F)C(F)(F)C(F)(F)C(F)(F)C(F)(F)F,102.2,O=C(O)C(F)(F)C(F)(F)C(F)(F)C(F)(F)C(F)(F)C(F)(F)F
OC(=O)C(F)(F)C(F)(F)C(F)(F)C(F)(F)C(F)(F)F,96.4,O=C(O)C(F)(F)C(F)(F)C(F)(F)C(F)(F)C(F)(F)F
OC(=O)C(F)(F)C(F)(F)C(F)(F)C(F)(F)C(F)(F)C(F)(F)C(F)(F)C(F)(F)F,104.7,O=C(O)C(F)(F)C(F)(F)C(F)(F)C(F)(F)C(F)(F)C(F)(F)C(F)(F)C(F)(F)F
NS(=O)(=O)C(F)(F)C(F)(F)C(F)(F)C(F)(F)C(F)(F)C(F)(F)C(F)(F)C(F)(F)F,103.1,NS(=O)(=O)C(F)(F)C(F)(F)C(F)(F)C(F)(F)C(F)(F)C(F)(F)C(F)(F)C(F)(F)F
OS(=O)(=O)C(F)(F)C(F)(F)C(F)(F)C(F)(F)C(F)(F)C(F)(F)C(F)(F)C(F)(F)F,104.9,O=S(=O)(O)C(F)(F)C(F)(F)C(F)(F)C(F)(F)C(F)(F)C(F)(F)C(F)(F)C(F)(F)F
OC(=O)C(F)(F)C(F)(F)C(F)(F)C(F)(F)C(F)(F)C(F)(F)C(F)(F)F,103.5,O=C(O)C(F)(F)C(F)(F)C(F)(F)C(F)(F)C(F)(F)C(F)(F)C(F)(F)F
OC(=O)C(F)(F)C(F)(F)C(F)(F)C(F)(F)C(F)(F)C(F)(F)C(F)(F)C(F)(F)C(F)(F)C(F)(F)F,101.4,O=C(O)C(F)(F)C(F)(F)C(F)(F)C(F)(F)C(F)(F)C(F)(F)C(F)(F)C(F)(F)C(F)(F)C(F)(F)F
CC1(C)C(C=C(Cl)Cl)C1C(=O)OCC2=CC(OC3=CC=CC=C3)=CC=C2,30.4,CC1(C)C(C=C(Cl)Cl)C1C(=O)OCc1cccc(Oc2ccccc2)c1
[Na+].COC1=CC=C(/C=C/S(=O)(=O)[N-]C(=O)C2=CC=C(C)C=C2Cl)C=C1,88.8,COc1ccc(/C=C/S(=O)(=O)[N-]C(=O)c2ccc(C)cc2Cl)cc1
COC(=O)NC1=CC(OC(=O)NC2=CC=CC(C)=C2)=CC=C1,40.7,COC(=O)Nc1cccc(OC(=O)Nc2cccc(C)c2)c1
[Na+].O=C1NC([O-])=NC(=O)C1(CC)C2=CC=CC=C2,7.1,CCC1(c2ccccc2)C(=O)N=C([O-])NC1=O
OC1=CC=CC=C1,11.1,Oc1ccccc1
OC1=CC=C(C=C1)C2(OS(=O)(=O)C3=C2C=CC=C3)C4=CC=C(O)C=C4,103.1,O=S1(=O)OC(c2ccc(O)cc2)(c2ccc(O)cc2)c2ccccc21
OC1=CC=C(C=C1)C2(OC(=O)C3=C2C=CC=C3)C4=CC=C(O)C=C4,100.2,O=C1OC(c2ccc(O)cc2)(c2ccc(O)cc2)c2ccccc21
OC(=O)C1=C(C=CC=C1)C(C2=CC=C(O)C=C2)C3=CC=C(O)C=C3,97.3,O=C(O)c1ccccc1C(c1ccc(O)cc1)c1ccc(O)cc1
S(O)(=O)(=O)C=1C(O)=CC=CC1,19.1,O=S(=O)(O)c1ccccc1O
ClP(Cl)C1=CC=CC=C1,11.2,ClP(Cl)c1ccccc1
OC1=C(C=CC=C1)C(=O)OC2=CC=CC=C2,96.0,O=C(Oc1ccccc1)c1ccccc1O
O=CCC1=CC=CC=C1,55.8,O=CCc1ccccc1
CC(=O)O[Hg]C1=CC=CC=C1,4.2,CC(=O)O[Hg]c1ccccc1
OC1=CC=C(C=C1)C(=O)OC2=CC=CC=C2,105.3,O=C(Oc1ccccc1)c1ccc(O)cc1
CCOP(=S)(OCC)SCSCC,79.7,CCOP(=S)(OCC)SCSCC
CCOP(=S)(OCC)SCN1C(=O)OC2=CC(Cl)=CC=C12,40.2,CCOP(=S)(OCC)SCn1c(=O)oc2cc(Cl)ccc21
COP(=S)(OC)SCN1C(=O)C2=C(C=CC=C2)C1=O,55.7,COP(=S)(OC)SCN1C(=O)c2ccccc2C1=O
OP(O)(O)=O,14.6,OP(O)(O)=O
CCOP(=S)(OCC)ON=C(C#N)C1=CC=CC=C1,99.2,CCOP(=S)(OCC)ON=C(C#N)c1ccccc1
O=C1NC(=O)C2=C1C=CC=C2,15.9,O=C1NC(=O)c2ccccc21
NC1=C(Cl)C(Cl)=NC(C(O)=O)=C1Cl,55.1,Nc1c(Cl)c(Cl)nc(C(=O)O)c1Cl
Cl.S1C(CC2=CC=C(OCCC3=NC=C(CC)C=C3)C=C2)C(=O)NC1=O,88.7,CCc1ccc(CCOc2ccc(CC3SC(=O)NC3=O)cc2)nc1
CS(=O)(=O)C1=CC=C(C=C1Cl)[C@@H](C[C@H]2CCC(=O)C2)C(=O)NC3=NC=CN=C3,8.9,CS(=O)(=O)c1ccc([C@@H](C[C@H]2CCC(=O)C2)C(=O)Nc2cnccn2)cc1Cl
CN(C)C(=O)OC1=C(C)C(C)=NC(=N1)N(C)C,23.3,Cc1nc(N(C)C)nc(OC(=O)N(C)C)c1C
CCCCCCCC/C=C\CCCCCCCC(=O)OCCO,53.8,CCCCCCCC/C=C\CCCCCCCC(=O)OCCO
[Si](=O)(C)C,77.8,C[Si](C)=O
O(C(CO)C)CC(O)C,8.9,CC(O)COC(C)CO
[K+].[O-]Cl(=O)=O,4.8,[O-][Cl+2]([O-])[O-]
[K+].[O-]S(=O)(=O)C(F)(F)C(F)(F)C(F)(F)C(F)(F)F,99.4,O=S(=O)([O-])C(F)(F)C(F)(F)C(F)(F)C(F)(F)F
[K+].[O-]S(=O)(=O)C(F)(F)C(F)(F)C(F)(F)C(F)(F)C(F)(F)C(F)(F)F,102.4,O=S(=O)([O-])C(F)(F)C(F)(F)C(F)(F)C(F)(F)C(F)(F)C(F)(F)F
[K+].[O-]S(=O)(=O)C(F)(F)C(F)(F)C(F)(F)C(F)(F)C(F)(F)C(F)(F)C(F)(F)C(F)(F)F,104.3,O=S(=O)([O-])C(F)(F)C(F)(F)C(F)(F)C(F)(F)C(F)(F)C(F)(F)C(F)(F)C(F)(F)F
[Na+].CC[C@H](C)C(=O)O[C@H]1C[C@H](O)C=C2C=C[C@H](C)[C@H](CC[C@@H](O)C[C@@H](O)CC([O-])=O)[C@@H]12,1.1,CC[C@H](C)C(=O)O[C@H]1C[C@H](O)C=C2C=C[C@H](C)[C@H](CC[C@@H](O)C[C@@H](O)CC(=O)[O-])[C@H]21
C12C[C@@H](C#N)[C@H](C(C)=O)[C@@]1(C)CCC3C2CC=C4C[C@@H](O)CC[C@]34C,-24.9,CC(=O)[C@H]1[C@H](C#N)CC2C3CC=C4C[C@@H](O)CC[C@]4(C)C3CC[C@@]21C
CC12CC1(C)C(=O)N(C2=O)C3=CC(Cl)=CC(Cl)=C3,54.3,CC12CC1(C)C(=O)N(c1cc(Cl)cc(Cl)c1)C2=O
CCCSP(=O)(OCC)OC1=C(Cl)C=C(Br)C=C1,97.1,CCCSP(=O)(OCC)Oc1ccc(Br)cc1Cl
C12CC[C@H](C(C)=O)[C@@]1(C)CCC3C2CCC4=CC(=O)CC[C@]34C,16.5,CC(=O)[C@H]1CCC2C3CCC4=CC(=O)CC[C@]4(C)C3CC[C@@]21C
Cl.CCCOC(=O)NCCCN(C)C,19.7,CCCOC(=O)NCCCN(C)C
CC(C)(C)C1=CC=C(OC2CCCCC2OS(=O)OCC#C)C=C1,50.1,C#CCOS(=O)OC1CCCCC1Oc1ccc(C(C)(C)C)cc1
CCNP(=S)(OC)O/C(/C)=C/C(=O)OC(C)C,74.6,CCNP(=S)(OC)O/C(C)=C/C(=O)OC(C)C
CC(C)C1=CC=CC(C(C)C)=C1O,65.9,CC(C)c1cccc(C(C)C)c1O
CNC(=O)OC1=CC=CC=C1OC(C)C,15.2,CNC(=O)Oc1ccccc1OC(C)C
CC1COC(=O)O1,11.4,CC1COC(=O)O1
CCCOC(=O)C1=CC=C(O)C=C1,96.8,CCCOC(=O)c1ccc(O)cc1
CC(C)(NC(=O)C1=CC(Cl)=CC(Cl)=C1)C#C,64.8,C#CC(C)(C)NC(=O)c1cc(Cl)cc(Cl)c1
CC1=NNC(=O)N(C1)/N=C/C2=CC=CN=C2,3.1,CC1=NNC(=O)N(/N=C/c2cccnc2)C1
OC(=O)C1=NN(C(=O)C1)C2=CC=C(C=C2)S(O)(=O)=O,36.9,O=C(O)C1=NN(c2ccc(S(=O)(=O)O)cc2)C(=O)C1
CCC1=NC(N)=NC(N)=C1C2=CC=C(Cl)C=C2,43.6,CCc1nc(N)nc(N)c1-c1ccc(Cl)cc1
CC(COC1=CC=C(OC2=CC=CC=C2)C=C1)OC3=NC=CC=C3,44.7,CC(COc1ccc(Oc2ccccc2)cc1)Oc1ccccn1
[Na+].COC1=CC(OC)=NC(SC2=C(C([O-])=O)C(Cl)=CC=C2)=N1,66.3,COc1cc(OC)nc(Sc2cccc(Cl)c2C(=O)[O-])n1
OC(=O)C1=C(Cl)C=CC2=CC(Cl)=CN=C12,18.7,O=C(O)c1c(Cl)ccc2cc(Cl)cnc12
C1=CC2=C(C=C1)N=CC=C2,34.3,c1ccc2ncccc2c1
CC(=C)[C@@H]1CC=C(C)C(=O)C1,24.0,C=C(C)[C@@H]1CC=C(C)C(=O)C1
Cl.O1C=2C(=C(C3=C1C=C(NCC)C(=C3)C)C=4C(=CC=CC4)C(OCC)=O)C=C(\C(=N\CC)\C2)C,91.8,CC/N=c1\cc2oc3cc(NCC)c(C)cc3c(-c3ccccc3C(=O)OCC)c-2cc1C
O=C(CCCCCCCCC1=CN=CC=C1)N2CCC(CC2)C=C(C3=CC=CC=C3)C4=CC=CC=C4,-38.3,O=C(CCCCCCCCc1cccnc1)N1CCC(C=C(c2ccccc2)c2ccccc2)CC1
CN1C(COC(N)=O)=NC=C1[N+]([O-])=O,9.7,Cn1c([N+](=O)[O-])cnc1COC(N)=O
CC(C)NC1=NC(Cl)=NC(N)=N1,15.8,CC(C)Nc1nc(N)nc(Cl)n1
OC(=O)C1=C(O)C=CC=C1,55.9,OC(=O)C1=C(O)C=CC=C1
Cl.CCOC(=O)C1=CC=C(C=C1)[C@H]2CC[C@@H](CC2)NC[C@H](O)COC3=CC=C(O)C(NS(C)(=O)=O)=C3,61.4,CCOC(=O)c1ccc([C@H]2CC[C@H](NC[C@H](O)COc3ccc(O)c(NS(C)(=O)=O)c3)CC2)cc1
Cl.CC1=NC(=NO1)C2=CC3=C(CCN(CCC4CCC(CC4)NC(=O)/C=C/C5=CC=C(F)C=C5)CC3)C=C2,-24.0,Cc1nc(-c2ccc3c(c2)CCN(CCC2CCC(NC(=O)/C=C/c4ccc(F)cc4)CC2)CC3)no1
S(C(CC1CC(O)=C(C(=O)C1)\C(=N\OCC)\CCC)C)CC,55.5,CCC/C(=N\OCC)C1=C(O)CC(CC(C)SCC)CC1=O
S=C1N([O-])C=CC=C1.[Na+],3.5,[O-]n1ccccc1=S
[Na+].CC(C)COC(=O)CC(C(=O)OCC(C)C)S([O-])(=O)=O,66.3,CC(C)COC(=O)CC(C(=O)OCC(C)C)S(=O)(=O)[O-]
[Na+].[S-]C1=NC2=CC=CC=C2S1,96.3,[S-]c1nc2ccccc2s1
[Na+].CC1=CC=CC=C1S([O-])(=O)=O,10.8,Cc1ccccc1S(=O)(=O)[O-]
[Na+].CC1=CC=C(C)C(=C1)S([O-])(=O)=O,34.7,Cc1ccc(C)c(S(=O)(=O)[O-])c1
CC1=CC=C(S(=O)(=O)[O-])C=C1.[Na+],16.6,CC1=CC=C(S(=O)(=O)[O-])C=C1
[Na+].CCCCCCCCC1=CC=C(C=C1)S([O-])(=O)=O,101.3,CCCCCCCCc1ccc(S(=O)(=O)[O-])cc1
[Na+].[N-]=[N+]=[N-],6.3,[N-]=[N+]=[N-]
[Na+].[O-]Cl=O,6.0,[O-][Cl+][O-]
[Na+].[O-]C(=O)CCl,9.3,O=C([O-])CCl
[Na+].CCCCCCCCCCOS([O-])(=O)=O,98.9,CCCCCCCCCCOS(=O)(=O)[O-]
[Na+].O1C(=CC(=O)/C(=C(/[O-])\C)/C1=O)C,41.7,CC1=CC(=O)/C(=C(\C)[O-])C(=O)O1
ClN1C(=O)N(Cl)C(=O)N=C1[O-].[Na+],13.8,O=c1nc([O-])n(Cl)c(=O)n1Cl
ClN1C(=O)N(Cl)C(=O)N=C1[O-].[Na+].O.O,15.9,O=c1nc([O-])n(Cl)c(=O)n1Cl
[Na+].CN(C)C([S-])=S,50.3,CN(C)C(=S)[S-]
[Na+].CCCCCCCCCCCCOS([O-])(=O)=O,102.3,CCCCCCCCCCCCOS([O-])(=O)=O
S([O-])(=O)(=O)C=1C(CCCCCCCCCCCC)=CC=CC1.[Na+],102.5,CCCCCCCCCCCCc1ccccc1S(=O)(=O)[O-]
[Na+].CCCCC(CC)COS([O-])(=O)=O,81.3,CCCCC(CC)COS(=O)(=O)[O-]
[Na+].[O-]C(=O)CF,8.1,O=C([O-])CF
[Na+].CCCCCCCCCCCCCCCCOS([O-])(=O)=O,78.0,CCCCCCCCCCCCCCCCOS(=O)(=O)[O-]
[Na+].CC1=CC=C(C(C)=C1)S([O-])(=O)=O,27.8,Cc1ccc(S(=O)(=O)[O-])c(C)c1
[Na+].CC(=C)C([O-])=O,2.4,C=C(C)C(=O)[O-]
[Na+].COS([O-])(=O)=O,11.3,COS([O-])(=O)=O
[Na+].CCCCCCCCCCCCCCOS([O-])(=O)=O,98.8,CCCCCCCCCCCCCCOS(=O)(=O)[O-]
[Na+].F[B-](F)(F)F,8.5,F[B-](F)(F)F
[Na+].[O-]C(=O)C(Cl)(Cl)Cl,0.3,O=C([O-])C(Cl)(Cl)Cl
[Na+].CCCCCCCCCCCCCOS([O-])(=O)=O,104.5,CCCCCCCCCCCCCOS(=O)(=O)[O-]
S([O-])(=O)(=O)C1=CC(=C(C=C1)C)C.[Na+],19.4,Cc1ccc(S(=O)(=O)[O-])cc1C
CCC(C)(C)C(=O)OC1=C(C(=O)OC12CCCCC2)C3=CC=C(Cl)C=C3Cl,42.6,CCC(C)(C)C(=O)OC1=C(c2ccc(Cl)cc2Cl)C(=O)OC12CCCCC2
C12CC[C@@]3(CCC(=O)O3)[C@@]1(C)CCC4C2[C@@H](CC5=CC(=O)CC[C@]45C)SC(C)=O,-5.9,CC(=O)S[C@@H]1CC2=CC(=O)CC[C@]2(C)C2CC[C@@]3(C)C(CC[C@@]34CCC(=O)O4)C21
CCCN(CC)CC1COC2(CCC(CC2)C(C)(C)C)O1,16.4,CCCN(CC)CC1COC2(CCC(C(C)(C)C)CC2)O1
C1CN2CCC1C(C2)C(C3=CC=CC=C3)NC(=O)C4=C(C=CC(=C4Cl)C(F)(F)F)Cl.Cl,-45.0,O=C(NC(c1ccccc1)C1CN2CCC1CC2)c1c(Cl)ccc(C(F)(F)F)c1Cl
ClC1=C(C(=O)N[C@H]([C@H]2NCCCC2)C3=CC=CC=C3)C=CC=C1C(F)(F)F,4.4,O=C(N[C@@H](c1ccccc1)[C@@H]1CCCCN1)c1cccc(C(F)(F)F)c1Cl
COC1=CC2=C(C(=O)N(COC3=CC(=O)N4C=CC=C(OCCN5CCCCC5)C4=N3)S2(=O)=O)C(=C1)C(C)C,22.0,COc1cc(C(C)C)c2c(c1)S(=O)(=O)N(COc1cc(=O)n3cccc(OCCN4CCCCC4)c3n1)C2=O
OCC(O)C1=CC=CC=C1,8.5,OCC(O)c1ccccc1
OC[C@H]1O[C@@](CO)(O[C@H]2O[C@H](CO)[C@@H](O)[C@H](O)[C@H]2O)[C@@H](O)[C@@H]1O,8.1,OC[C@H]1O[C@@](CO)(O[C@H]2O[C@H](CO)[C@@H](O)[C@H](O)[C@H]2O)[C@@H](O)[C@@H]1O
NS(O)(=O)=O,47.5,NS(=O)(=O)O
OC(=O)CC(C(O)=O)S(O)(=O)=O,5.8,O=C(O)CC(C(=O)O)S(=O)(=O)O
COC1=C(C=C(C(=O)C2=CC=CC=C2)C(O)=C1)S(O)(=O)=O,81.2,COc1cc(O)c(C(=O)c2ccccc2)cc1S(=O)(=O)O
ClN1C(=O)N(Cl)C(=O)N(Cl)C1=O,27.1,O=c1n(Cl)c(=O)n(Cl)c(=O)n1Cl
C1=C(C=C(C(=C1O)O)O)C(=O)OC2=CC(=CC(=C2O)O)C(=O)OCC3C(C(C(C(O3)OC(=O)C4=CC(=C(C(=C4)OC(=O)C5=CC(=C(C(=C5)O)O)O)O)O)OC(=O)C6=CC(=C(C(=C6)OC(=O)C7=CC(=C(C(=C7)O)O)O)O)O)OC(=O)C8=CC(=C(C(=C8)OC(=O)C9=CC(=C(C(=C9)O)O)O)O)O)OC(=O)C%10=CC(=C(C(=C%10)OC(=O)C%11=CC(=C(C(=C%11)O)O)O)O)O,94.0,O=C(OCC1OC(OC(=O)c2cc(O)c(O)c(OC(=O)c3cc(O)c(O)c(O)c3)c2)C(OC(=O)c2cc(O)c(O)c(OC(=O)c3cc(O)c(O)c(O)c3)c2)C(OC(=O)c2cc(O)c(O)c(OC(=O)c3cc(O)c(O)c(O)c3)c2)C1OC(=O)c1cc(O)c(O)c(OC(=O)c2cc(O)c(O)c(O)c2)c1)c1cc(O)c(O)c(OC(=O)c2cc(O)c(O)c(O)c2)c1
CC(C)(C)C(O)(CCC1=CC=C(Cl)C=C1)CN2C=NC=N2,25.5,CC(C)(C)C(O)(CCc1ccc(Cl)cc1)Cn1cncn1
CCC1=NN(C)C(C(=O)NCC2=CC=C(C=C2)C(C)(C)C)=C1Cl,24.5,CCc1nn(C)c(C(=O)NCc2ccc(C(C)(C)C)cc2)c1Cl
COP(=S)(OC)OC1=CC=C(SC2=CC=C(OP(=S)(OC)OC)C=C2)C=C1,101.6,COP(=S)(OC)Oc1ccc(Sc2ccc(OP(=S)(OC)OC)cc2)cc1
CCC(=NOC/C=C/Cl)C1=C(O)CC(CC1=O)C2CCOCC2,12.4,CCC(=NOC/C=C/Cl)C1=C(O)CC(C2CCOCC2)CC1=O
CC1=C(Cl)C(=O)N(C(=O)N1)C(C)(C)C,14.6,Cc1[nH]c(=O)n(C(C)(C)C)c(=O)c1Cl
CCOP(=S)(OCC)SCSC(C)(C)C,75.3,CCOP(=S)(OCC)SCSC(C)(C)C
CCNC1=NC(NC(C)(C)C)=NC(Cl)=N1,61.0,CCNc1nc(Cl)nc(NC(C)(C)C)n1
CC1=CCC(CC1)C(C)(C)O,3.6,CC1=CCC(C(C)(C)O)CC1
CC(C)=C1CCC(C)=CC1,19.0,CC1=CCC(=C(C)C)CC1
CCC(=O)OC(C)(C)C1CCC(C)=CC1,11.6,CCC(=O)OC(C)(C)C1CC=C(C)CC1
CC(=O)OC(C)(C)C,-0.7,CC(=O)OC(C)(C)C
CC(C)(C)OOC(=O)C1=CC=CC=C1,21.4,CC(C)(C)OOC(=O)c1ccccc1
CC(C)(C)N,9.9,CC(C)(C)N
CC(C)(C)C1=CC=CC=C1,-1.2,CC(C)(C)c1ccccc1
CCCCCCC(C)(C)S,11.2,CCCCCCC(C)(C)S
CCC(=O)O[C@H]1CC[C@H]2[C@@H]3CCC4=CC(=O)CC[C@]4(C)[C@H]3CC[C@]12C,31.3,CCC(=O)O[C@H]1CC[C@H]2[C@@H]3CCC4=CC(=O)CC[C@]4(C)[C@H]3CC[C@]12C
OC(=O)CC1=CC(I)=C(OC2=CC(I)=C(O)C(I)=C2)C(I)=C1,105.0,O=C(O)Cc1cc(I)c(Oc2cc(I)c(O)c(I)c2)c(I)c1
FC(F)C(F)(F)OCC(CN1C=NC=N1)C2=C(Cl)C=C(Cl)C=C2,72.3,FC(F)C(F)(F)OCC(Cn1cncn1)c1ccc(Cl)cc1Cl
CCN(CC)C(=S)SSC(=S)N(CC)CC,55.2,CCN(CC)C(=S)SSC(=S)N(CC)CC
OCC1CCCO1,7.8,OCC1CCCO1
C1CCC2=C(C1)C=CC=C2,8.9,c1ccc2c(c1)CCCC2
CC(C)=CC1C(C(=O)OCN2C(=O)C3=C(CCCC3)C2=O)C1(C)C,28.1,CC(C)=CC1C(C(=O)OCN2C(=O)C3=C(CCCC3)C2=O)C1(C)C
CCCO[Si](OCCC)(OCCC)OCCC,10.3,CCCO[Si](OCCC)(OCCC)OCCC
O=C1N(C2CCC(=O)NC2=O)C(=O)C3=CC=CC=C13,-9.0,O=C1CCC(N2C(=O)c3ccccc3C2=O)C(=O)N1
CN1C2=C(NC=N2)C(=O)N(C)C1=O,9.4,Cn1c(=O)c2[nH]cnc2n(C)c1=O
N1C2=C(C=CC=C2)N=C1C3=CSC=N3,21.8,c1ccc2[nH]c(-c3cscn3)nc2c1
CN1COCN(CC2=CN=C(Cl)S2)C1=N[N+]([O-])=O,1.0,CN1COCN(Cc2cnc(Cl)s2)C1=N[N+](=O)[O-]
COC(=O)C1=C(CC(C)C)C(C2=NCCS2)=C(N=C1C(F)F)C(F)(F)F,26.2,COC(=O)c1c(C(F)F)nc(C(F)(F)F)c(C2=NCCS2)c1CC(C)C
O=C(NC1=CN=NS1)NC2=CC=CC=C2,46.3,O=C(Nc1ccccc1)Nc1cnns1
CCN(CC)C(=O)SCC1=CC=C(Cl)C=C1,40.6,CCN(CC)C(=O)SCc1ccc(Cl)cc1
NNC(=S)NN,34.1,NNC(=S)NN
CSC(C)=NOC(=O)N(C)SN(C)C(=O)ON=C(C)SC,67.1,CSC(C)=NOC(=O)N(C)SN(C)C(=O)ON=C(C)SC
CCOC(=O)NC(=S)NC1=C(NC(=S)NC(=O)OCC)C=CC=C1,36.9,CCOC(=O)NC(=S)Nc1ccccc1NC(=S)NC(=O)OCC
COC(=O)NC(=S)NC1=C(NC(=S)NC(=O)OC)C=CC=C1,48.3,COC(=O)NC(=S)Nc1ccccc1NC(=S)NC(=O)OC
CC1=C(OCCCC(O)=O)C=CC(Cl)=C1,99.3,Cc1cc(Cl)ccc1OCCCC(=O)O
CC(C)C1=CC=C(C)C=C1O,59.3,Cc1ccc(C(C)C)c(O)c1
OC(=O)CC1=CC(I)=C(OC2=CC(I)=C(O)C=C2)C(I)=C1,105.0,O=C(O)Cc1cc(I)c(Oc2ccc(O)c(I)c2)c(I)c1
CC1=CC=C(C=C1)S(=O)(=O)NC(=O)NN2CCCCCC2,12.8,Cc1ccc(S(=O)(=O)NC(=O)NN2CCCCCC2)cc1
N=1NN=C2C1C(=CC=C2)C,44.2,Cc1cccc2n[nH]nc12
CC1CC(C)(C)C2=C(C=C(C)C(=C2)C(C)=O)C1(C)C,29.1,CC(=O)c1cc2c(cc1C)C(C)(C)C(C)CC2(C)C
S(=O)(=O)(C1=C(C(=C(C=C1)C(=O)C=2C(=O)N(NC2)C)C)C3=NOCC3)C,7.5,Cc1c(C(=O)c2c[nH]n(C)c2=O)ccc(S(C)(=O)=O)c1C1=NOCC1
NC(=O)CN1C(=O)C=C(CCN2CCN(CC2)C3=NC=CC4=C3C=CS4)C5=C1C=C(F)C=C5,-4.2,NC(=O)Cn1c(=O)cc(CCN2CCN(c3nccc4sccc34)CC2)c2ccc(F)cc21
CCCCCCCCOC(=O)C1=CC=C(C(=O)OCCCCCCCC)C(=C1)C(=O)OCCCCCCCC,3.3,CCCCCCCCOC(=O)c1ccc(C(=O)OCCCCCCCC)c(C(=O)OCCCCCCCC)c1
CC(=O)OCC(COC(C)=O)OC(C)=O,4.2,CC(=O)OCC(COC(C)=O)OC(C)=O
CC(C)(C)C(=O)C(OC1=CC=C(Cl)C=C1)N2C=NC=N2,4.7,CC(C)(C)C(=O)C(Oc1ccc(Cl)cc1)n1cncn1
CC(C)(C)C(O)C(OC1=CC=C(Cl)C=C1)N2C=NC=N2,10.4,CC(C)(C)C(O)C(Oc1ccc(Cl)cc1)n1cncn1
C12C[C@@H](O)[C@](O)(C(=O)CO)[C@@]1(C)C[C@H](O)[C@@]3(F)C2CCC4=CC(=O)C=C[C@]34C,2.0,C[C@]12C=CC(=O)C=C1CCC1C3C[C@@H](O)[C@](O)(C(=O)CO)[C@@]3(C)C[C@H](O)[C@@]12F
CCCCSP(=O)(SCCCC)SCCCC,51.2,CCCCSP(=O)(SCCCC)SCCCC
CCCCOP(=O)(OCCCC)OCCCC,1.5,CCCCOP(=O)(OCCCC)OCCCC
CCCCN(CCCC)CCCC,38.5,CCCCN(CCCC)CCCC
COP(=O)(OC)C(O)C(Cl)(Cl)Cl,20.8,COP(=O)(OC)C(O)C(Cl)(Cl)Cl
OC(=O)C(Cl)(Cl)Cl,-0.9,O=C(O)C(Cl)(Cl)Cl
OC(=O)COC1=C(Cl)C=C(Cl)C(Cl)=N1,93.9,O=C(O)COc1nc(Cl)c(Cl)cc1Cl
OC1=C(OC2=CC=C(Cl)C=C2Cl)C=CC(Cl)=C1,106.0,Oc1cc(Cl)ccc1Oc1ccc(Cl)cc1Cl
OCCN(CCO)CCO,5.9,OCCN(CCO)CCO
CCOC(=O)CC(O)(CC(=O)OCC)C(=O)OCC,14.7,CCOC(=O)CC(O)(CC(=O)OCC)C(=O)OCC
CCOP(=O)(OCC)OCC,6.6,CCOP(=O)(OCC)OCC
OCCOCCOCCO,6.3,OCCOCCOCCO
CCCCC(CC)C(=O)OCCOCCOCCOC(=O)C(CC)CCCC,7.4,CCCCC(CC)C(=O)OCCOCCOCCOC(=O)C(CC)CCCC
CC(=O)OCCOCCOCCOC(C)=O,12.6,CC(=O)OCCOCCOCCOC(C)=O
CO/N=C(/C(=O)OC)\C1=CC=CC=C1CO/N=C(\C)/C2=CC(=CC=C2)C(F)(F)F,65.4,CO/N=C(/C(=O)OC)c1ccccc1CO/N=C(\C)c1cccc(C(F)(F)F)c1
[Na+].COC1=CC(OC)=NC(NC(=O)[N-]S(=O)(=O)C2=NC=CC=C2OCC(F)(F)F)=N1,30.5,COc1cc(OC)nc(NC(=O)[N-]S(=O)(=O)c2ncccc2OCC(F)(F)F)n1
CCCOC/C(=N\C1=C(C=C(Cl)C=C1)C(F)(F)F)/N2C=CN=C2,94.9,CCCOC/C(=N\c1ccc(Cl)cc1C(F)(F)F)n1ccnc1
CCCN(CCC)C1=C(C=C(C=C1[N+]([O-])=O)C(F)(F)F)[N+]([O-])=O,89.2,CCCN(CCC)c1c([N+](=O)[O-])cc(C(F)(F)F)cc1[N+](=O)[O-]
CC(C)CCCCCCCOC(=O)C1=CC(=C(C=C1)C(=O)OCCCCCCCC(C)C)C(=O)OCCCCCCCC(C)C,43.0,CC(C)CCCCCCCOC(=O)c1ccc(C(=O)OCCCCCCCC(C)C)c(C(=O)OCCCCCCCC(C)C)c1
CC(C)CCCCCCOC(=O)C1=CC(=C(C=C1)C(=O)OCCCCCCC(C)C)C(=O)OCCCCCCC(C)C,3.2,CC(C)CCCCCCOC(=O)c1ccc(C(=O)OCCCCCCC(C)C)c(C(=O)OCCCCCCC(C)C)c1
CO[Si](OC)(OC)C1=CC=CC=C1,23.4,CO[Si](OC)(OC)c1ccccc1
CCC[Si](OC)(OC)OC,13.5,CCC[Si](OC)(OC)OC
COP(=O)(OC)OC,3.9,COP(=O)(OC)OC
CN(C)C,1.6,CN(C)C
CCOC(=O)C1CC(=O)C(=C(O)C2CC2)C(=O)C1,14.8,CCOC(=O)C1CC(=O)C(=C(O)C2CC2)C(=O)C1
O=P(OC1=CC=CC=C1)(OC2=CC=CC=C2)OC3=CC=CC=C3,79.5,O=P(Oc1ccccc1)(Oc1ccccc1)Oc1ccccc1
O(P(OC1=CC=CC=C1)OC2=CC=CC=C2)C3=CC=CC=C3,26.9,c1ccc(OP(Oc2ccccc2)Oc2ccccc2)cc1
C1=CC=C(C=C1)P(C2=CC=CC=C2)C3=CC=CC=C3,17.6,c1ccc(P(c2ccccc2)c2ccccc2)cc1
O(C(COC(CO)C)C)CC(O)C,13.4,CC(O)COC(C)COC(C)CO
CC(CO)OCC(C)OCC(C)OC,96.7,COC(C)COC(C)COC(C)CO
ClCC(CCl)OP(=O)(OC(CCl)CCl)OC(CCl)CCl,-4.5,O=P(OC(CCl)CCl)(OC(CCl)CCl)OC(CCl)CCl
CCCCOCCOP(=O)(OCCOCCCC)OCCOCCCC,28.5,CCCCOCCOP(=O)(OCCOCCCC)OCCOCCCC
ClCCOP(=O)(OCCCl)OCCCl,-17.6,O=P(OCCCl)(OCCCl)OCCCl
ClCCOP(OCCCl)OCCCl,6.1,ClCCOP(OCCCl)OCCCl
CC(CCl)OP(=O)(OC(C)CCl)OC(C)CCl,14.5,CC(CCl)OP(=O)(OC(C)CCl)OC(C)CCl
BrCC(Br)COP(=O)(OCC(Br)CBr)OCC(Br)CBr,21.4,O=P(OCC(Br)CBr)(OCC(Br)CBr)OCC(Br)CBr
O=C1N(CC2CO2)C(=O)N(CC3CO3)C(=O)N1CC4CO4,6.3,O=c1n(CC2CO2)c(=O)n(CC2CO2)c(=O)n1CC1CO1
P(OC=1C(=CC=CC1)C)(OC=2C(=CC=CC2)C)(OC=3C(=CC=CC3)C)=O,63.7,Cc1ccccc1OP(=O)(Oc1ccccc1C)Oc1ccccc1C
CC1(C)CCC(=CC2=CC=C(Cl)C=C2)C1(O)CN3C=NC=N3,15.9,CC1(C)CCC(=Cc2ccc(Cl)cc2)C1(O)Cn1cncn1
CC1=C(O)C(C)=C2CCC(C)(COC3=CC=C(CC4SC(=O)NC4=O)C=C3)OC2=C1C,99.0,Cc1c(C)c2c(c(C)c1O)CCC(C)(COc1ccc(CC3SC(=O)NC3=O)cc1)O2
COCC1=NN=C(N1C2=C(Cl)C(Cl)=CC3=C2NC(=O)C(=O)N3)C4=C[N+]([O-])=CC=C4,-0.8,COCc1nnc(-c2ccc[n+]([O-])c2)n1-c1c(Cl)c(Cl)cc2[nH]c(=O)c(=O)[nH]c12
S(=O)(=O)(N1CCN(CC1)CC)C2=CC(=C(OCCC)C=C2)C=3NC(=O)C4=NN(C(=C4N3)CC)CC=5N=CC=CC5,18.8,CCCOc1ccc(S(=O)(=O)N2CCN(CC)CC2)cc1-c1nc2c(CC)n(Cc3ccccn3)nc2c(=O)[nH]1
CSC1=CC=C(OC2=CC=C(C=C2CN(C)C)S(N)(=O)=O)C=C1C,15.4,CSc1ccc(Oc2ccc(S(N)(=O)=O)cc2CN(C)C)cc1C
CCCCCCCCCCC,4.9,CCCCCCCCCCC
CCOC(N)=O,26.9,CCOC(N)=O
C=CN1CCCC1=O,-17.6,C=CN1CCCC1=O
COC1=C(OC)C(=CC=C1)[C@H](O)C2CCN(CCC3=CC=C(F)C=C3)CC2,-16.9,COc1cccc([C@H](O)C2CCN(CCc3ccc(F)cc3)CC2)c1OC
CC(=O)CC(C1=CC=CC=C1)C2=C(O)C3=CC=CC=C3OC2=O,93.2,CC(=O)CC(c1ccccc1)c1c(O)c2ccccc2oc1=O
C[C@H]1CCCC(=O)CCC/C=C/C2=C(C(O)=CC(O)=C2)C(=O)O1,28.1,C[C@H]1CCCC(=O)CCC/C=C/c2cc(O)cc(O)c2C(=O)O1
OC(=O)CN1C(=O)N(CC2=CC=C(Br)C=C2F)C(=O)C3=C1C=C(Cl)C=C3,59.0,O=C(O)Cn1c(=O)n(Cc2ccc(Br)cc2F)c(=O)c2ccc(Cl)cc21
[ZnH2+2].CN(C)C([S-])=S.CN(C)C([S-])=S,29.9,CN(C)C(=S)[S-]
