SMILES,Ensemble_Pred_Yaowen
C=C1CC[C@H]2C[C@@H]1C2(C)C,11.946724873874906
COC(=O)C(C)Oc1ccc(Oc2ccc(Cl)cc2Cl)cc1,89.37691897399617
CCCCCCCCCCCCCC(=O)OCC(O)CO,40.85453999447272
CC(=O)O[C@@H]1C[C@@H]2CC[C@@]1(C)C2(C)C,11.54848695530139
CCCCCCCCCC=CCC1CC(=O)OC1=O,96.06053117615114
CCC/C=C/C=O,47.10611791449995
Cc1cc(C)n(CO)n1,32.97321893762288
CC/C=C\CCOC(C)=O,16.328807181741695
CCCCC/C=C\CCC=O,66.4215857566351
C/C=C/C=C/CCCCCCCO,65.53812220197817
CC(C)=CCC[C@H](C)CCO,45.67567153354948
CC/C=C\CCO,19.040731434925547
Cc1cccc(Nc2cc(Cl)nc(SCC(=O)O)n2)c1C,92.77401645200626
Clc1ccc(C(c2ccccc2Cl)C(Cl)Cl)cc1,28.16806471553973
CC1(C)C(=O)NC(=O)N1CO,3.7267861554373365
COc1ccc2c(c1)c(CC(=O)O)c(C)n2C(=O)c1ccc(Cl)cc1,96.84860373807031
CCO[Si](CCCNC(N)=O)(OCC)OCC,-26.3671135770073
CC(O)CN,5.3690049767652726
CC1(C)C(=O)N(Cl)C(=O)N1Br,31.38789871849283
FC(F)(F)c1ccc(Cl)cc1,7.811141748370677
O=[N+]([O-])c1ccc(Cl)cc1,26.405576173843194
CCCCCCCCCCN,9.10419446405706
CCCCCCCCCCO,67.06252140316248
CCCCCCCCCCCCS,7.978668751942154
CCCCCCCCCCCCO,61.34867392395135
CCCCCCCCCCCCN1CCCC1=O,29.334255089906442
CCOCC(C)O,2.884771237008133
CCCCCCCCCCCCCCCCO,-8.93763168947027
CCCCCCO,10.994549957913767
COCC(C)O,8.78967028371516
CCC(C)(C)C1CCC(OC)CC1,33.16308822362699
Cn1cc(-c2ccccc2)c(=O)c(-c2cccc(C(F)(F)F)c2)c1,26.264891190128672
Cc1cccc2ccccc12,30.54659774745229
CCCCCCCCCCCC(=O)OCC(O)CO,52.58282376835322
O=C(O)Cc1cccc2ccccc12,65.13720558505189
Oc1cccc2ccccc12,88.21625821491726
CCCCCCCCO,37.72316350834726
C=CC(O)CCCCC,14.063560715063009
CCCCCCCCN1CCCC1=O,18.787290252843963
CC(O)COc1ccccc1,8.818849473030149
O=C1C=CC(=O)N1c1ccccc1,53.185139040033725
NC(=O)Nc1ccccc1,13.153701254486457
CCCOCC(C)O,5.690513958197164
C=CCCCCCCCCCCCC,9.772240266667803
CCCCCCCCCCCCCO,42.737584688151586
Cc1ccc(C(C)c2ccc(C)c(C)c2)cc1C,39.85206199403322
C[SiH](O[Si](C)(C)C)O[Si](C)(C)C,10.369526343593401
CC(O)CN(CCN(CC(C)O)CC(C)O)CC(C)O,5.570313771645172
c1cnc2c(c1)ccc1cccnc12,44.49224220496624
O=Cc1ccccc1C=O,92.17238532056578
CC(C)CCCCCCCOC(=O)c1ccccc1C(=O)OCCCCCCCC(C)C,5.79694072807759
CCCCCCCCCCCCOC(=O)c1ccccc1C(=O)OC[C@H](CCC)[C@@H](CC)CCC,9.228102479862866
Oc1ccccc1O,36.40864344454808
BrCCBr,12.687619709247807
FC(F)(F)c1ccc(Cl)c(Cl)c1,12.072405358166936
Clc1ccccc1Cl,18.929794875530074
Cc1cccc([N+](=O)[O-])c1C,56.03787890422129
O=[N+]([O-])c1ccccc1[N+](=O)[O-],58.716266006601565
c1ccc(OCCOc2ccccc2)cc1,23.95830246254671
O=C(Cc1ccccc1)c1ccccc1,65.95033904352185
NCCN,11.843256188686873
CCCCOC(O)CC,9.254176790754324
CC(O)CO,-4.732518146128397
O=C1NC(=O)C2CC=CCC12,6.534995768134515
Clc1ccc(Cl)c(Cl)c1,7.949149535223741
Cc1ccc(C)c(C)c1,19.181098154832547
Clc1cc(Cl)c(Cl)cc1Cl,6.341586364846315
Cc1cc(C)c(C)cc1C,16.26839447322223
O=C(Cl)c1cccc(C(=O)Cl)c1,38.58109104672448
CC(O)CCO,-3.8435508946380965
C1=CCC=C1,12.869186051337937
Clc1cc(Cl)c2c(c1)N=C1CCCCCN1C2,10.460543472698633
Clc1cccc(Cl)c1,7.851425818196044
O=[N+]([O-])c1cccc([N+](=O)[O-])c1,17.920538526942497
O=C(CC(=O)c1ccccc1)c1ccccc1,70.56697947968534
CCN1CN(CC)CN(CC)C1,3.7730362949038407
CC(C)c1cc(C(C)C)cc(C(C)C)c1,-28.147489002322583
C=C[Si]1(C)O[Si](C)(C=C)O[Si](C)(C=C)O[Si](C)(C=C)O1,91.95035674725592
Nc1ccc(N)cc1,98.67002006696016
O=C(O)C1CCC(C(=O)O)CC1,16.97835464710027
Nc1ccc(N)c2c1C(=O)c1ccccc1C2=O,70.44249092827216
Clc1ccc(Cl)cc1,-10.263935745812132
Cc1ccc(C)c2ccccc12,49.185605629729295
C1=C/CC/C=C/CC/C=C/CC/1,12.979300529904908
NCCCCCCN,-2.2340419902195405
CC12CCC(CC1)C(C)(C)O2,12.586642460126273
C=CCCCCCCCCC(=O)O,94.31232159222058
CCCCCC(=O)O[C@]1(C(C)=O)CC[C@H]2[C@@H]3CCC4=CC(=O)CC[C@]4(C)[C@H]3CC[C@@]21C,28.344950354572987
C[C@]12CC[C@@H]3c4ccc(O)cc4CC[C@H]3[C@@H]1CC[C@H]2O,45.548533143254105
C#C[C@]1(O)CCC2C3CCc4cc(O)ccc4C3CC[C@@]21C,83.86211876518577
CC(=O)[C@@]1(O)CC[C@H]2[C@@H]3CCC4=CC(=O)CC[C@]4(C)[C@H]3CC[C@@]21C,14.568653831035137
C[C@]12CCC3c4ccc(O)cc4CCC3C1CC[C@@H]2O,54.16119837889591
CCCCOCCOCCO,6.955365757055238
Cc1cc(Cl)ccc1OCC(=O)O,80.7770699036396
CCNCCO,7.080851075293768
CC(Oc1cccc(Cl)c1)C(=O)O,39.271271212198094
OCCC(F)(F)C(F)(F)C(F)(F)C(F)(F)C(F)(F)C(F)(F)F,52.44729247904612
C=C(C)C(=O)OCCC(F)(F)C(F)(F)C(F)(F)C(F)(F)C(F)(F)C(F)(F)F,16.665011816000234
CCOCCOCCOCCO,4.970081826558906
COCCOCCOCCO,6.273768605228028
O=C(CBr)c1ccc(O)cc1,102.2168309296997
CCC(C)=NO,0.5312124717388985
CCCCOCCOC(C)=O,10.180466123679812
OCC#CCO,10.58224251183095
Oc1ccc(-c2ccccc2)cc1Cl,105.83223620328205
O=CCCl,8.678967207059657
O=C(CCl)c1ccccc1,27.080106321597267
OCCCl,9.338115765063824
CCCCC(CC)CO,9.708265368990334
CCCC(O)C(CC)CO,4.573029050628767
CCCC=C(C=O)CC,25.309052915825816
CCc1cccc(C)c1N,28.120802805717524
CCCCC(CC)C(=O)O,-0.029803353624622986
CCCCC(CC)COC(C)=O,10.970175486790337
CCCCC(CC)COP(=O)(Oc1ccccc1)Oc1ccccc1,56.47030708444312
CCCCC(CC)COC(=O)CS,55.9422669987616
CCc1ccccc1O,65.25692913211674
CCCCCC(C)=O,12.779181161360327
COc1ccc(C(=O)c2ccccc2)c(O)c1,94.16847325055977
CC(=O)c1ccccc1O,20.791866236353844
C=CC(=O)OCCO,14.827617692981399
CCCCCCCCSCCO,73.72323002122847
Sc1nc2ccccc2s1,97.99421641007403
COc1ccc(C)cc1N,39.41792797578786
COCCO,18.707574606758907
COc1ccccc1O,50.80173192649214
CC(O)CC(C)(C)O,10.023795925350441
Cc1ccccc1N,34.83387127126611
Cc1ccccc1N,34.7206379516076
CCC(C)COC(=O)CC(C)C,6.845545367754851
CC(C#N)CCC#N,1.6687913480492427
CC(C)C#N,4.184634643834641
Nc1ccccc1[N+](=O)[O-],93.43569949941262
CCCCCCCCCCC(CO)CCCCCCCC,11.768822346015368
CCCC(C)=O,13.351001952465534
OCCOc1ccccc1,4.4745717593585015
OCCc1ccccc1,10.079147332819879
O=C(OCCc1ccccc1)c1ccccc1,86.5996147877461
Oc1ccccc1-c1ccccc1,93.39266944181553
CCCOCCO,3.4376160678946546
O=C1CCCN1,10.796741731425865
CCC(C)C1CCCCC1=O,11.617025843480247
CCc1ccc(O)c(C(C)(C)C)c1,83.60859339616766
Cc1ccc(C(C)(C)C)c(O)c1,65.35297866389482
CCCCCCCCCC(C)=O,20.65481862952227
N#CC(Br)(Br)C(N)=O,26.040032190651992
Oc1ccccc1Cc1ccccc1O,99.39011827363875
Cc1cc(Cc2cc(C)cc(C(C)(C)C)c2O)c(O)c(C(C)(C)C)c1,51.885884321644504
CCc1cc(Cc2cc(CC)cc(C(C)(C)C)c2O)c(O)c(C(C)(C)C)c1,45.702736580026254
CC(C)(c1cc(Cl)c(O)c(Cl)c1)c1cc(Cl)c(O)c(Cl)c1,101.87766408595114
Cc1cccc(O)c1C,66.98252312060876
Cc1cccc([N+](=O)[O-])c1[N+](=O)[O-],58.5886731152031
CC(C)(c1ccccc1)c1ccc(O)c(C(C)(C)c2ccccc2)c1,93.83467562455202
CC(C)Nc1nc(Cl)nc(NC(C)C)n1,26.41273013326345
O=C([O-])COc1ccc(Cl)cc1Cl,91.269886600046
CCCCOCCOC(=O)COc1ccc(Cl)cc1Cl,72.71805569708613
O=C(O)COc1ccc(Cl)cc1Cl,87.62126732199977
O=C(O)CCCOc1ccc(Cl)cc1Cl,97.5176918135455
O=C(c1ccccc1)c1ccc(O)cc1O,105.78129357577565
O=[N+]([O-])c1ccc(O)c([N+](=O)[O-])c1,108.14166626470185
Cc1ccc([N+](=O)[O-])cc1[N+](=O)[O-],70.16498260860759
Oc1cc(Cl)c(Cl)cc1Cl,104.15173939275769
O=C(O)COc1cc(Cl)c(Cl)cc1Cl,96.28173449800087
Oc1c(Br)cc(Br)cc1Br,103.999832990586
Oc1c(Cl)cc(Cl)cc1Cl,101.23461614457669
Cc1cc(C)c(C(=O)O)c(C)c1,34.90131396937093
Cc1cc(C)c(O)c(C)c1,79.58003108698419
C=CCOc1nc(OCC=C)nc(OCC=C)n1,31.715381420497543
Oc1cc(Cl)ccc1Cl,103.10436576110007
CC(C)(C)OOC(C)(C)CCC(C)(C)OOC(C)(C)C,10.992727651057692
CC(C)(C)c1cccc(C(C)(C)C)c1O,34.44251220638247
N#Cc1c(Cl)cccc1Cl,76.32506120807776
CCc1cccc(CC)c1N,18.973644049743534
CN(C)CCCN,10.310209189175199
CCO[Si](CCCN)(OCC)OCC,-16.456713225229702
CCc1cccc(O)c1,62.02265990460026
Oc1ccc2c(c1)-c1ccccc1C2,86.98367985023773
CC(C)c1cccc(O)c1,77.97819471732326
CC(=O)OCCC(C)C,-14.388919135898332
Cc1cccc([N+](=O)[O-])c1,28.678438326245985
COCCOCCC[Si](C)(O[Si](C)(C)C)O[Si](C)(C)C,33.3821373770905
O=C(O)c1cccc(Oc2ccccc2)c1,96.0686552035688
CCCC(CC)c1ccccc1,8.497970737894743
N#Cc1cccnc1,9.245142351014652
CC(C)(C)c1cccc(O)c1,78.54159465698488
CC1CC(O)CC(C)(C)C1,10.808639232303044
CC1CC(OC(=O)c2ccccc2O)CC(C)(C)C1,67.64591494414609
Cc1cc(-c2ccc(N)c(C)c2)ccc1N,106.4997905379114
Cc1cc(-c2ccc(N)c(C)c2)ccc1N,106.49979053828459
CC(C)(c1cc(Br)c(O)c(Br)c1)c1cc(Br)c(O)c(Br)c1,102.04789099352749
C1=COCCC1,10.813552595209508
Nc1cc(Cl)cc(Cl)c1,88.45217504702443
CC(CCO)CC(C)(C)C,27.018126924502493
CCCCOCCOCCOCCOCCO,10.413015842529056
CC(C)=CCCC(C)=CC=O,37.00823350539238
CCC(C)(O)CCCC(C)C,11.01026803470566
CCC(C)(CCCC(C)C)OC(C)=O,8.158905475157905
Cc1cn([C@H]2C[C@H](N=[N+]=[N-])[C@@H](CO)O2)c(=O)[nH]c1=O,3.8043529149300124
CC(C)(C)c1ccc(O)cc1,69.01333660033389
CC(C)(C)CC(C)(C)c1ccc(O)cc1,91.159009474845
CCC(C)(C)c1ccc(O)cc1,91.48548408162624
CC(=O)C=CC1=C(C)CCCC1(C)C,21.4738228930594
N#CC(CCc1ccc(Cl)cc1)(Cn1cncn1)c1ccccc1,25.32734841380201
CCC(C)c1ccc(O)cc1,96.60468170051504
CCC(C)(C)C1CCC(=O)CC1,19.195721108171718
Nn1cnnc1,10.311421458766624
Nc1ccc(C(=O)O)cc1,1.05314585745801
CCOCn1c(-c2ccc(Cl)cc2)c(C#N)c(Br)c1C(F)(F)F,87.92020828824674
CCCCc1ccc(Cl)cc1,15.584812810262978
Cc1ccc(-c2c(Cl)nc(C#N)n2S(=O)(=O)N(C)C)cc1,93.03341870257911
Cc1cc(O)ccc1Cl,84.71747007416613
Clc1ccc(C(Cl)(Cl)Cl)cc1,93.18673311405345
Oc1ccc(Cl)cc1,58.62968638092298
O=C(O)COc1ccc(Cl)cc1,36.729584710918225
NC(=O)Nc1ccc(Cl)cc1,17.252960747732008
CC(C)(c1ccccc1)c1ccc(O)cc1,100.92671232581922
O=C1CCC(C2CCCCC2)CC1,47.141132754693906
CCCCCCCCCCCCN1CCOCC1,38.71512398169313
CCCCCCCCCCCCc1ccc(O)cc1,96.61501460853873
CCOc1ccc(N)cc1,12.732181365952908
CCC1COC(=O)O1,16.266733348745035
CCCCCCOc1ccc(N)cc1,92.47288357453691
CC(=O)c1ccc(O)cc1,37.03022817993138
O=C(O)c1ccc(O)cc1,76.95614099329067
CC(C)c1ccc(O)cc1,73.37104659602761
COc1ccc(C=O)cc1,26.47205004239732
CC(C)CC(C)O,10.689499217587025
CC(=O)C=C(C)C,32.730009824642174
C=Cc1ccc(C)cc1,14.090536835220819
O=C(O)c1ccc([N+](=O)[O-])cc1,32.07226132533163
O=[N+]([O-])c1ccc(O)cc1,102.388624838768
O=Nc1ccc(Nc2ccccc2)cc1,106.43791566826378
Cc1ccc([N+](=O)[O-])cc1,20.34223111883839
CCCCCCCCCc1ccc(O)cc1,98.029684707967
CC(C)CCCCCCc1ccc(O)cc1,102.94540792832983
CCCCCCCCc1ccc(O)cc1,99.21120017766444
CCCCCc1ccc(N)cc1,87.44165431706956
Oc1ccc(-c2ccccc2)cc1,97.57839181533869
CCCC1CCC(=O)CC1,30.032510128647395
CC(C)(C)c1ccc(N)cc1,26.60590894812683
CC(C)(C)c1ccc(S)cc1,38.15952010014823
CC(C)(C)C1CCC(=O)CC1,8.26089932933624
CC(C)(C)c1ccc(OC(=O)c2ccccc2O)cc1,48.96085757049148
Cc1ccc(C(C)(C)C)cc1,9.143111584991317
Cc1ccc(S(N)(=O)=O)cc1,14.266543230051843
C1CC2OC2CC1C1CO1,7.629310697769629
CC(CCC(=O)O)(c1ccc(O)cc1)c1ccc(O)cc1,47.120245176393716
CC(C)(C)c1ccc(-c2ccc(C(C)(C)C)cc2)cc1,5.808401078456232
Nc1ccc(Cc2ccc(N)cc2)cc1,78.800716061031
C1CN(SSN2CCOCC2)CCO1,74.25535316871688
CN(C)c1ccc(Cc2ccc(N(C)C)cc2)cc1,46.05013300308654
Cc1cc(Cc2ccc(N)c(C)c2)ccc1N,95.73715456130779
Nc1ccc(Oc2ccc(N)cc2)cc1,89.82441575041305
O=S(=O)(c1ccc(O)cc1)c1ccc(O)cc1,85.67125696694117
CC(c1ccc(O)cc1)(c1ccc(O)cc1)c1ccc(O)cc1,97.91021549366613
O=c1ssc(Cl)c1Cl,101.98866210414393
Cc1cc([N+](=O)[O-])cc([N+](=O)[O-])c1O,108.9289960666483
CCC1(C)NC(=O)NC1=O,11.0452077836651
O=c1[nH]cc(F)c(=O)[nH]1,13.679787000290917
COc1ccc([N+](=O)[O-])cc1N,68.9743542281467
CC1(C)NC(=O)N(c2ccc([N+](=O)[O-])c(C(F)(F)F)c2)C1=O,5.700461338991861
CC1(C)NC(=O)NC1=O,9.224716500681469
O=C1NC(=O)C(c2ccccc2)(c2ccccc2)N1,22.628363023876766
C[C@]12CCC(=O)CC1CCC1C2CC[C@@]2(C)C1CC[C@@H]2O,20.439927211178407
Oc1ccc2cc(SSc3ccc4cc(O)ccc4c3)ccc2c1,98.64401568947295
Cc1cc(=O)[nH]c(=S)[nH]1,18.344272403241284
Cc1ccc2ncccc2c1,41.01215463479904
CCCCC(CC)CCC(CC(C)C)OS(=O)(=O)[O-],103.36428392006594
CC1=CC(=O)[N-]S(=O)(=O)O1,23.98122524701025
CC(=O)Nc1ccc(O)cc1,-9.733325776191716
Cc1cc(Cl)ccc1OCC(=O)[O-],83.82005566746473
CCC(CC)C(C)CCOC(C)=O,11.487115101816187
CCOCN(C(=O)CCl)c1c(C)cccc1CC,50.37727700767244
CC(=O)c1ccccc1,18.226681560833395
CC(=O)C1=C(C)C2C[C@]3(C1)C(CC[C@H]3C)C2(C)C,16.969485091411894
CSC(=O)c1cccc2nnsc12,69.57335610574683
Nc1ccc2cc(S(=O)(=O)[O-])cc(O)c2c1/N=N/c1ccccc1C(F)(F)F,101.17857345277532
O=C(O)c1cc(Oc2ccc(C(F)(F)F)cc2Cl)ccc1[N+](=O)[O-],96.81485845488045
C=CC(N)=O,14.569664710508366
CCCCCCCCCCCC(=O)OCC(C)OC(=O)CCCCC(=O)O,39.185353909178616
CCc1cccc(CC)c1N(COC)C(=O)CCl,40.161309237393105
CSC(C)(C)C=NO,10.699963424204531
CNC(=O)ON=CC(C)(C)S(C)(=O)=O,7.93574584475411
CNC(=O)ON=CC(C)(C)[S+](C)[O-],-3.1819990422640125
ClC1=C(Cl)[C@]2(Cl)C3C4C=CC(C4)C3[C@@]1(Cl)C2(Cl)Cl,-9.967260752870718
CCCCCCCCCCCCOCC1CO1,55.48680206976308
NC(=O)NC1NC(=O)NC1=O,9.243588001451581
COc1cc(S(=O)(=O)[O-])c(C)cc1/N=N/c1c(O)ccc2cc(S(=O)(=O)[O-])ccc12,96.53806603383073
C=CCO,5.237224868715686
CCCCCC(C=O)=Cc1ccccc1,77.17046904580647
CC(=O)/C=C/C1C(C)=CCCC1(C)C,45.38747929464451
CC(=O)C(C)=CC1C(C)=CCCC1(C)C,40.964590248055366
CCCCCCCCCCCCOCCOS(=O)(=O)[O-],97.37547425742524
CCCC(=O)OC(C)(C)Cc1ccccc1,30.62344965831939
CCNc1nc(NC(C)C)nc(SC)n1,58.743097589252116
CCCCc1oc2ccccc2c1C(=O)c1cc(I)c(OCCN(CC)CC)c(I)c1,46.80330248857535
Cc1ccc(N=CN(C)C=Nc2ccc(C)cc2C)c(C)c1,56.23527982278076
NC(=O)[O-],14.146410688143053
N#C[S-],11.728809387445681
O=C([O-])C(F)(F)C(F)(F)C(F)(F)C(F)(F)C(F)(F)C(F)(F)C(F)(F)F,101.91019840519785
NS(=O)(=O)[O-],27.577683813223846
Cc1ccc(S(=O)(=O)O)c(C)c1,24.581010205252934
CC(C)(C#N)c1cc(Cn2cncn2)cc(C(C)(C)C#N)c1,10.763096331934863
CCCCCCC(O)CC=CCCCCCCCC(=O)OCCN(CCOC(=O)CCCCCCCC=CCC(O)CCCCCC)CCOC(=O)CCCCCCCC=CCC(O)CCCCCC,57.58789875710757
O=c1cc(-c2ccc(O)cc2)oc2cc(O)cc(O)c12,91.23557044412469
CC(=O)Oc1ccccc1C(=O)O,32.54639327804748
COC(=O)NS(=O)(=O)c1ccc(N)cc1,7.444112862834294
CC(C)NCC(O)COc1ccc(CC(N)=O)cc1,16.089496361759863
CC(C)c1c(C(=O)Nc2ccccc2)c(-c2ccccc2)c(-c2ccc(F)cc2)n1CC[C@@H](O)C[C@@H](O)CC(=O)[O-],57.27226769045628
CCNc1nc(Cl)nc(NC(C)C)n1,13.800939323183508
O=C([O-])c1ccc2c(c1)nc(C(=O)NC1CCN(C3CC3)CC1)n2Cc1cc(-c2ccc(Cl)s2)on1,38.9467645614181
COP(=O)(OC)SCn1c(=O)oc2cc(Cl)cnc21,34.746800609014244
Cn1cnc([N+](=O)[O-])c1Sc1ncnc2nc[nH]c12,82.35756269261474
CCNc1ccc(C(=C2C=CC(=[N+](CC)CC)C=C2)c2ccc(N(CC)CC)cc2)c2ccccc12,94.98351102164273
CNC(=O)Oc1cccc2c1OC(C)(C)O2,23.861585156086555
CCCCN(CC)c1c([N+](=O)[O-])cc(C(F)(F)F)cc1[N+](=O)[O-],47.55649060414726
O=C(Nc1ccccc1)c1ccccc1I,72.84038413291441
CCCCNC(=O)n1c(NC(=O)OC)nc2ccccc21,39.09585546515
CC(C)OP(=S)(OC(C)C)SCCNS(=O)(=O)c1ccccc1,24.083706502268896
ClC(Cl)c1ccccc1,16.04851125071176
CCOC(=O)c1ccc(N)cc1,35.896644461962346
O=C(O)c1ccccc1,-8.535131498639013
O=C(c1ccccc1)C(O)c1ccccc1,59.35437445289256
O=C(c1ccccc1)c1ccccc1,83.83286894239714
ClC(Cl)(Cl)c1ccccc1,60.651412151226474
O=C(OCc1ccccc1)c1ccc(O)cc1,104.01418153223331
CC(=O)OCc1ccccc1,13.415970914697484
OCc1ccccc1,38.226505673387095
O=C(OCc1ccccc1)c1ccccc1,86.92006588416425
CCCCOC(=O)c1ccccc1C(=O)OCc1ccccc1,69.51576487732542
O=C(C=Cc1ccccc1)OCc1ccccc1,75.00815030680155
CCCCCCCCCC[N+](C)(C)Cc1ccccc1,-5.127276928147219
CCCCC(CC)COC(=O)CCCCC(=O)OCc1ccccc1,13.656939880027558
O=c1[nH]c2ccc([S+]([O-])CCN3CCC(Cc4ccc(F)cc4)CC3)cc2o1,-15.524793547872058
Cc1c(COC(=O)[C@@H]2[C@H](/C=C(\Cl)C(F)(F)F)C2(C)C)cccc1-c1ccccc1,54.814847812969
CC(C)OP(C)(=O)OC(C)C,10.662242475162635
CCCCC(CC)COC(=O)/C=C\C(=O)OCC(CC)CCCC,14.330367959478233
CCCCC(CC)COC(=O)c1c(Br)c(Br)c(Br)c(Br)c1C(=O)OCC(CC)CCCC,36.45005104538243
CCCCC(CC)COC(=O)CCCCC(=O)OCC(CC)CCCC,1.072436121010891
CC(C)(c1ccc(O)cc1)c1ccc(O)cc1,96.44828985648395
CC(C)(c1ccc(OCC2CO2)cc1)c1ccc(OCC2CO2)cc1,31.100744244691736
Oc1ccc(C(c2ccc(O)cc2)(C(F)(F)F)C(F)(F)F)cc1,99.51473729152512
CCC(C)(c1ccc(O)cc1)c1ccc(O)cc1,96.53289105205191
OB(O)O,-3.823466568592704
O=C(Nc1ccccc1-c1ccc(Cl)cc1)c1cccnc1Cl,33.95150192001356
CCC(C)n1c(=O)[nH]c(C)c(Br)c1=O,23.97047963787929
N#Cc1cc(Br)c(O)c(Br)c1,102.20546175144234
CS(=O)(=O)OCCCCOS(C)(=O)=O,10.872349415931248
CCCCOCN(C(=O)CCl)c1c(CC)cccc1CC,40.32629151856678
C=CCOC(=O)C(C)(C)OC(=O)c1cc(-n2c(=O)cc(C(F)(F)F)n(C)c2=O)ccc1Cl,39.256911272069914
CC(C)N(Cc1ccccc1)C(=O)C(C)(C)C,10.872141164203759
C=CC(=O)OCCCC,4.609390395895654
CCCCOC(=O)c1ccccc1,24.533598029282647
CCCCOCC1CO1,6.480255871206933
CCSC(=O)N(CC(C)C)CC(C)C,13.600253629338734
CCCCc1ccccc1,13.69674367978721
CCCCc1ccc2cccc(S(=O)(=O)[O-])c2c1,100.07787500400644
CCCCOC(=O)c1ccc(O)cc1,100.68162391688156
CCCC=NO,6.826876924307584
O=S(=O)([O-])c1cc(S(=O)(=O)[O-])c2c(N=Nc3ccccc3)c(O)ccc2c1,106.34967366617683
CC1=NN(c2ccc(S(=O)(=O)[O-])cc2)C(=O)C1N=Nc1ccccc1,105.29251242815154
CC1=NN(c2cc(Cl)c(S(=O)(=O)[O-])cc2Cl)C(=O)C1N=Nc1ccc(S(=O)(=O)[O-])cc1,103.4454173929386
O=C1c2ccccc2C(=O)C1c1ccc2cc(S(=O)(=O)[O-])cc(S(=O)(=O)[O-])c2n1,93.35470798379264
CC1=NN(c2cc(S(=O)(=O)[O-])ccc2Cl)C(=O)C1/N=N/c1ccccc1,109.37592146087455
Cc1ccc([N+](=O)[O-])cc1N,80.43972797830024
O=C(Nc1ccc2c(O)c(/N=N/c3ccc(/N=N/c4ccc(S(=O)(=O)[O-])cc4)cc3)c(S(=O)(=O)[O-])cc2c1)c1ccccc1,101.50891096198399
COc1cc(-c2ccc(N)c(OC)c2)ccc1N,106.37818741490179
COc1cc(-c2ccc(N)c(OC)c2)ccc1N,106.37818748393552
CCCCCCCCCCCCCCCS(=O)(=O)Oc1ccccc1,12.434374787538976
CCCCCCC(C)(C)C(=O)[O-],49.6051028351508
C=C1C2CCC(C2)C1(C)C,6.965719877033616
COCCOC[C@H](CC1(C(=O)N[C@H]2CC[C@@H](C(=O)O)CC2)CCCC1)C(=O)Oc1ccc2c(c1)CCC2,7.417282097299284
O=C1CCCCCN1,2.216111038630752
O=C1C2CC=CCC2C(=O)N1SC(Cl)(Cl)Cl,83.18725783747799
NC(=O)N1c2ccccc2C=Cc2ccccc21,55.830386329485236
COC(=O)Nc1nc2ccccc2[nH]1,-13.111483456986301
CCCCN(CCCC)SN(C)C(=O)Oc1cccc2c1OC(C)(C)C2,66.95034046138407
CC1=C(C(=O)Nc2ccccc2)SCCO1,39.54866731029912
CC(C)c1ccc(C(=O)N=C(N)N)cc1S(C)(=O)=O,12.852278532647386
Cc1ccc(-c2cc(C(F)(F)F)nn2-c2ccc(S(N)(=O)=O)cc2)cc1,54.45878883175924
CC(=O)c1cc(C(C)(C)C)cc2c1CCC2(C)C,7.938608625041561
Nc1cc(Cl)cc(C(=O)O)c1Cl,90.07853244871507
Cc1ccc(S(=O)(=O)[N-]Cl)cc1,83.1317204181492
ClC1=C(Cl)C2(Cl)C3C(Cl)C(Cl)CC3C1(Cl)C2(Cl)Cl,54.83416040169915
O=C(O)C1C(C(=O)O)C2(Cl)C(Cl)=C(Cl)C1(Cl)C2(Cl)Cl,64.26416207777612
CCOP(=S)(OCC)OC(Cl)C(Cl)(Cl)Cl,86.71553499196598
Nc1cnn(-c2ccccc2)c(=O)c1Cl,63.01860338902626
O=C1c2ccccc2C(=O)C1C(=O)C(c1ccccc1)c1ccc(Cl)cc1,85.68400999703707
CC(C)OC(=O)Nc1cccc(Cl)c1,69.73206623918021
CCOP(=S)(OCC)Oc1nc(Cl)c(Cl)cc1Cl,101.16066365800499
CCOP(=O)(OCC)Oc1nc(Cl)c(Cl)cc1Cl,100.5153836538079
COP(=S)(OC)Oc1nc(Cl)c(Cl)cc1Cl,100.7600713626587
COC(=O)c1c(Cl)c(Cl)c(C(=O)OC)c(Cl)c1Cl,95.16950820064312
O=c1cc(-c2ccccc2)oc2cc(O)cc(O)c12,95.04392960188126
Nc1cc2c3c(c1)C(c1ccccc1)=N[C@@H](NC(=O)c1cccnc1)C(=O)N3CC2,37.578085450053884
Cc1ccccc1CO[C@@H]1C[C@@]2(C(C)C)CC[C@]1(C)O2,43.67462585989184
O=C(O)CC(O)(CC(=O)O)C(=O)O,-8.530825764963366
CCOC(=O)CC(CC(=O)OCC)(OC(C)=O)C(=O)OCC,11.930772115708434
CC(C)=CCCC(C)CCO,83.04884622569921
NC(=O)N(O)[C@@H]1C=C[C@H](Oc2cccc(Oc3ccc(F)cc3)c2)C1,87.11440931907516
Nc1nc(Cl)nc2c1ncn2[C@H]1C[C@H](O)[C@@H](CO)O1,5.970940037699429
C#CCOC(=O)[C@@H](C)Oc1ccc(Oc2ncc(Cl)cc2F)cc1,57.22066382205992
CCOC(=O)C(C)(C)Oc1ccc(Cl)cc1,41.1361800441287
O=C(O)c1nc(Cl)ccc1Cl,32.23939488306856
Oc1ccc(Cl)cc1Cc1ccccc1,103.62764681157952
COC(=O)C(N)Cc1cnc[nH]1,75.17291363949872
COc1cc2c(c(OC)c1OC)-c1ccc(OC)c(=O)cc1[C@@H](NC(C)=O)CC2,40.16924863585472
C[C@]12C[C@H](O)[C@H]3[C@@H](CCC4=CC(=O)CC[C@@]43C)[C@@H]1CC[C@@H]2C(=O)CO,12.505539666414698
CN1C(=O)CC[C@H]1c1cccnc1,5.171849846977728
O=C(O)c1cccc(C[C@@H]2COc3ccc(OCc4nc5cc(F)ccc5s4)cc3[C@@H]2O)c1,62.64726665397165
CC(Cc1ccc(OCC(=O)O)cc1)NCC(O)c1csc(C(F)(F)F)n1,26.984234355105094
Oc1ccc2c(c1)OC[C@@H](N1CCC(O)(c3ccc(F)cc3)CC1)[C@H]2O,55.570976309408444
CCc1nn(C2CCCCC2)c2cc([C@]3(C#N)CC[C@@H](C(=O)O)CC3)ccc12,58.26503469173175
CCOc1cccc([C@]2(N3CCN(c4ccccc4)CC3)CC[C@@H](C)CC2)c1,15.414436016842586
CC(C)(O)c1ccc(CNC(=O)c2cccnc2Oc2ccc(F)cc2)cc1,9.482702096106548
CC(C)c1cccc(C(C)C)c1NC(=O)[N-]S(=O)(=O)c1cc(C(C)(C)O)co1,42.25266971442518
O=C(O)CCN(C1(C(=O)NO)CCCC1)S(=O)(=O)c1ccc(Oc2ccc(F)cc2)cc1,32.484011259852046
CC[C@@H]1C[C@H](N(Cc2cc(C(F)(F)F)cc(C(F)(F)F)c2)C(C)=O)c2cc(C(F)(F)F)ccc2N1C(=O)OC(C)C,39.507686321584295
O=C(NO)C1(NS(=O)(=O)c2ccc(Oc3ccc(F)cc3)cc2)CCOCC1,47.06592198236846
CNCc1cc(F)ccc1Oc1ccc(Cl)c(Cl)c1,35.65878685583025
CC(C)(O)c1ccc(CNC(=O)c2cccnc2Oc2ccc3nonc3c2)cc1,6.993467831514001
Cc1cc(NC(=O)C(=O)O)cc(C)c1Oc1ccc(O)c2c1CCC2,101.84358027295437
Cc1nc(C)nc(N2C[C@@H](C)N(c3ccnc([C@@H](C)O)n3)[C@@H](C)C2)n1,2.4766079405843717
C[C@@H](Oc1ccc(CNC(=O)c2cccnc2Oc2ccc3c(c2)OCO3)c(F)c1)C(=O)O,13.916206415324185
CCCCCCC(O)C/C=C/CCCCCCCOC(=O)OCCOCC(COCCOC(=O)OCCCCCCC/C=C/CC(O)CCCCCC)OCCOC(=O)OCCCCCCC/C=C/CC(O)CCCCCC,-17.12981536701367
CCNc1nc(Cl)nc(NC(C)(C)C#N)n1,33.99790351400239
CSc1nc(NC2CC2)nc(NC(C)(C)C)n1,84.06515796182006
O=C(O)C1(C(=O)Nc2ccc(Cl)cc2Cl)CC1,94.97175199726495
O=C(c1ccccc1)C1CCC1,32.983808152284674
OC1CCCCCCCCCCC1,42.27665667284361
O=C1CCCCC1,4.687518238999849
ON=C1CCCCC1,10.450139717440766
C[C@@H]1C[C@@H]([C@H](O)CC2CC(=O)NC(=O)C2)C(=O)[C@@H](C)C1,10.685416100376733
NC1CCCCC1,11.261127159831686
O=C(c1ccccc1)C1CCCCC1,42.20159732488677
CC1=C2C[C@H]3C(CC=C4C[C@@H](O)CC[C@@]43C)C2CC[C@]12O[C@@H]1C[C@H](C)CNC1[C@H]2C,-1.7161547988434487
O=P1(N(CCCl)CCCl)NCCCO1,57.18536974339232
CC1(C)C(C=C(Cl)Cl)C1C(=O)OC(C#N)c1ccc(F)c(Oc2ccccc2)c1,47.88752700322566
CCCCOC(=O)[C@@H](C)Oc1ccc(Oc2ccc(C#N)cc2F)cc1,52.052334059806
Cc1cc(C2CC2)nc(Nc2ccccc2)n1,88.10891719953148
Nc1nc(N)nc(NC2CC2)n1,23.1360194196958
Nc1ccn(C2OC(CO)[C@@H](O)C2O)c(=O)n1,8.839481574733195
Nc1ccc(S(=O)(=O)c2ccc(N)cc2)cc1,28.810365633145064
Clc1ccc(C(c2ccc(Cl)cc2)C(Cl)(Cl)Cl)cc1,15.677999348450529
CCCCCCCCCC=O,79.67751722365614
O=C(O)CCCCCCCCC(=O)O,37.759189766867095
CCCCCCCCCC(=O)O,95.03161455690652
CCN(CC)C(=O)c1cccc(C)c1,47.975050659932045
CC(=O)C1C(=O)C=C(C)OC1=O,40.059319029172634
C[C@]12CC[C@H](O)CC1=CCC1C2CC[C@]2(C)C(=O)CCC12,32.90587876586387
CCNc1nc(N)nc(Cl)n1,18.50002779142175
CC[N+](CC)(CC(=O)Nc1c(C)cccc1C)Cc1ccccc1,17.442426241125997
CC[N+](CC)(CC(=O)Nc1c(C)cccc1C)Cc1ccccc1,17.442426243965304
C[C@@H]1CC2C3CCC4=CC(=O)C=C[C@]4(C)[C@@]3(F)[C@@H](O)C[C@]2(C)[C@@]1(O)C(=O)COP(=O)([O-])[O-],12.104643162126488
CCCCCCCCOC(=O)c1ccccc1C(=O)OCCCCCCCC,16.552224248229727
CC(C)(C)OOC(C)(C)C,6.930836495735682
CCCCC(CC)COC(=O)c1ccccc1C(=O)OCC(CC)CCCC,9.257400046267756
CC(=O)CC(C)(C)O,-14.286870265328572
C=CCOC(=O)c1ccccc1C(=O)OCC=C,65.24362775850616
CCOP(=S)(OCC)Oc1cc(C)nc(C(C)C)n1,43.585507079954866
O=C1C(N(CO)C(=O)NCO)N(CO)C(=O)N1CO,9.191409729706338
c1ccc2c(c1)sc1ccccc12,21.194209818792444
CCCCOC(=O)c1ccccc1C(=O)OCCCC,62.823709734004325
CCCCOC(=O)CCCCC(=O)OCCCC,15.033657428040021
CCCCOC(=O)CCCCCCCC(=O)OCCCC,16.266507185004137
CCCCOC(=O)CCCCCCCCC(=O)OCCCC,9.479497163519918
COc1c(Cl)ccc(Cl)c1C(=O)O,63.42796117508496
C=CCN(CC=C)C(=O)C(Cl)Cl,18.13562323800922
Oc1ccc(Cl)cc1Cc1cc(Cl)ccc1O,104.51126186181634
CC(Oc1ccc(Cl)cc1Cl)C(=O)O,80.90306202010929
COP(=O)(OC)OC=C(Cl)Cl,16.688048209220188
OC(c1ccc(Cl)cc1)(c1ccc(Cl)cc1)C(Cl)(Cl)Cl,65.2351039567132
CC(C)(OOC(C)(C)c1ccccc1)c1ccccc1,75.23109624781571
C1CCC(SSC2CCCCC2)CC1,24.056823788062538
O=C(OC1CCCCC1)c1ccccc1C(=O)OC1CCCCC1,39.03517159923891
O=C(CC(C(=O)OC1CCCCC1)S(=O)(=O)[O-])OC1CCCCC1,71.1051358646864
C1=CC2C3C=CC(C3)C2C1,12.734969234593029
O=c1[nH]cnc2c1ncn2[C@H]1CC[C@@H](CO)O1,1.5896640858122661
ClC1=C(Cl)[C@]2(Cl)[C@@H]3[C@@H]4C[C@@H]([C@H]5O[C@@H]45)[C@@H]3[C@@]1(Cl)C2(Cl)Cl,22.416657963085665
OCCNCCO,12.906882501809354
CCOC(=O)CCC(=O)OCC,7.431469481488837
CCO[P+](=O)OCC,5.9722604313219705
CCOC(=O)c1ccccc1C(=O)OCC,46.78797302912802
CCOS(=O)(=O)OCC,-1.487774836761716
OCCOCCO,1.4827399065479796
O=C(OCCOCCOC(=O)c1ccccc1)c1ccccc1,29.888385461267397
COCCOCCO,3.917630084056938
CC/C(=C(/CC)c1ccc(O)cc1)c1ccc(O)cc1,102.58105192061615
Cn1c(-c2ccccc2)cc(-c2ccccc2)[n+]1C,87.87462694767412
O=C(NC(=O)c1c(F)cccc1F)Nc1ccc(Cl)cc1,-3.691608779317779
COc1ccc(-n2nc(C(F)F)cc2-c2ccc([S+](C)[O-])cc2)cc1,33.97416190563636
C[C@H]1O[C@@H](O[C@H]2[C@@H](O)C[C@H](O[C@H]3[C@@H](O)C[C@H](O[C@H]4CC[C@@]5(C)[C@H](CC[C@@H]6[C@@H]5C[C@@H](O)[C@]5(C)[C@@H](C7=CC(=O)OC7)CC[C@]65O)C4)O[C@@H]3C)O[C@@H]2C)C[C@H](O)[C@@H]1O,12.536829606131255
CCCCCCOC(=O)CCCCC(=O)OCCCCCC,4.1826266848985405
CCCCCCOC(=O)c1ccccc1C(=O)OCCCCCC,22.469438756657823
C=CC(=C)CCCC(C)(C)O,27.710102072865244
CC(C)COC(=O)CCCCC(=O)OCC(C)C,52.67651444132502
CC(C)CCCCCCCOC(=O)CCCCC(=O)OCCCCCCCC(C)C,2.9682778211691945
CC(C)CCCCCCCOP(OCCCCCCCC(C)C)Oc1ccccc1,89.08217274408929
CC(C)CCCCCCOC(=O)CCCCC(=O)OCCCCCCC(C)C,4.515367546344915
CC(C)CCCCCCOC(=O)C1CCCCC1C(=O)OCCCCCCC(C)C,-23.583110877027327
CC(C)CCCCCOC(=O)CCCCC(=O)OCCCCCC(C)C,13.93536205065533
CC(O)CNCC(C)O,10.707985385774684
CC(C)OC(=O)c1ccccc1C(=O)OC(C)C,54.965660142754686
CNC(=O)CSP(=S)(OC)OC,40.83212947486142
CC(=O)OC1CC(C)OC(C)O1,-20.67980384587991
CO[Si](C)(C)OC,4.177432320386644
COC(=O)CCCC(=O)OC,8.385423552860342
COC(=O)c1cccc(C(=O)OC)c1,38.55245375699339
COP(C)(=O)OC,12.333513033660152
COC(=O)c1ccccc1C(=O)OC,38.18070558380153
COC(=O)CCC(=O)OC,7.5771856908277755
COS(=O)(=O)OC,10.771524181470252
COC(=O)c1ccc(C(=O)OC)cc1,38.24211861463977
C[As](C)(=O)O,-0.1738893143508875
CN(C)C(=O)Cl,-2.1791431847971285
C[Sn](C)(Cl)Cl,-0.37366953267973574
CC(C)(C)C(O)/C(=C\c1ccc(Cl)cc1Cl)n1cncn1,78.00825182642481
CCC(C)c1cc([N+](=O)[O-])cc([N+](=O)[O-])c1O,108.67386211176944
CNC(=N[N+](=O)[O-])NCC1CCOC1,6.034290063607846
CC(C)CCCCCCOC(=O)c1ccccc1C(=O)OCCCCCCC(C)C,9.430926476623496
CCCCCOC(=O)c1ccccc1C(=O)OCCCCC,45.80388167537739
O=C(Oc1ccccc1)c1cccc(C(=O)Oc2ccccc2)c1,79.0108275158962
c1ccc(Oc2ccccc2)cc1,57.419472636486915
O=P(O)(Oc1ccccc1)Oc1ccccc1,45.39135702017134
c1ccc(Nc2ccccc2)cc1,84.04227887786881
CCCOC(=O)c1ccc(C(=O)OCCC)nc1,35.466147359317446
COCCOCCO,3.815663430041249
CC(COCC(C)OC(=O)c1ccccc1)OC(=O)c1ccccc1,35.26166832054259
CSC(=O)c1c(C(F)F)nc(C(F)(F)F)c(C(=O)SC)c1CC(C)C,42.69734435257021
CN(C)C(=O)Nc1ccc(Cl)c(Cl)c1,35.02423629167756
C=Cc1ccccc1C=C,28.60979212218075
CC(=O)Oc1c(C)c(C)c2c(c1C)CC[C@@](C)(CCC[C@H](C)CCC[C@H](C)CCCC(C)C)O2,0.10450601694950426
CCCCC(CC)COC(=O)CC(C(=O)OCC(CC)CCCC)S(=O)(=O)[O-],97.79792276262536
CCCCCCCCCCCCc1ccccc1,-9.307185409613561
CCCCCCCCCCCCc1cccc(S(=O)(=O)O)c1,102.35156687157672
CCCCCCCCCCCCc1ccccc1S(=O)(=O)O,105.02130645429591
CCCCCCCCCCCCc1ccc(O)cc1,98.12312900829153
O=C(O)/C=C/c1ccccc1,50.52219667453799
O=S1OCC2C(CO1)C1(Cl)C(Cl)=C(Cl)C2(Cl)C1(Cl)Cl,21.889769061030787
O=S1OC[C@@H]2[C@H](CO1)[C@]1(Cl)C(Cl)=C(Cl)[C@@]2(Cl)C1(Cl)Cl,17.650877358215546
O=C(O)C1C2CCC(O2)C1C(=O)O,-2.378212744963628
CCOP(=S)(Oc1ccc([N+](=O)[O-])cc1)c1ccccc1,78.36419638505654
Fc1ccc([C@@]2(Cn3cncn3)O[C@@H]2c2ccccc2Cl)cc1,60.17286449860611
CC[C@H]1OC(=O)[C@H](C)[C@@H](O[C@H]2C[C@@](C)(OC)[C@@H](O)[C@H](C)O2)[C@H](C)[C@@H](O[C@@H]2O[C@H](C)C[C@H](N(C)C)[C@H]2O)[C@](C)(O)C[C@@H](C)C(=O)[C@H](C)[C@@H](O)[C@]1(C)O,12.439402170047144
CC(C)[C@H](C(=O)O[C@H](C#N)c1cccc(Oc2ccccc2)c1)c1ccc(Cl)cc1,47.44506361404459
C=CCc1ccc(OC)cc1,23.710762381813087
C[C@]12CC[C@@H]3c4ccc(O)cc4CC[C@H]3[C@@H]1C[C@@H](O)[C@@H]2O,31.705976838527782
C[C@]12CCC3c4ccc(O)cc4CCC3C1CCC2=O,20.219454017367504
CCOC1Oc2ccc(OS(C)(=O)=O)cc2C1(C)C,77.35124782001161
CCOC(=O)Cc1cccc2ccccc12,79.26148107594834
CCOC(=O)C1OC1c1ccccc1,40.38429849329555
CCC(=O)c1ccc(Cl)cc1,17.279971390075367
CCN(CCO)CCO,5.383761235310854
CCCCCC(=O)OCC,4.16861854460975
CCCCCCCC/C=C\CCCCCCCC(=O)OCC,19.827930775099468
CCOC(OCC)OCC,10.780204132235843
CCOC(=O)CC,11.093854462954859
C=CCCCCCCCCC(=O)OCC,28.127509069885228
OCCO,5.769386504870635
CCOCCOC(C)=O,13.37368848288264
O=C(OCCOCCOCCOC(=O)c1ccccc1)c1ccccc1,25.208605683654934
CCOC(=O)c1ccc(O)cc1,80.68450849994119
CCOc1ccc(C(C)(C)COCc2cccc(Oc3ccccc3)c2)cc1,52.12315900300108
CCOc1cc(C(C)(C)C)ccc1C1COC(c2c(F)cccc2F)=N1,39.05980019536601
C=CCc1ccc(O)c(OC)c1,92.25208717454171
CCc1cc(C2=C(C(=O)[O-])N(c3ccccc3C(F)(F)F)S(=O)(=O)c3ccccc32)cc2c1OCO2,79.75239198735899
CC(C)=CCCC(C)=CCCC(C)=CCO,90.07969319318065
CCN(Cc1cccc(S(=O)(=O)[O-])c1)c1ccc(C(=C2C=CC(=[N+](CC)Cc3cccc(S(=O)(=O)[O-])c3)C=C2)c2ccc(O)cc2S(=O)(=O)[O-])cc1,59.79848452534382
O=S(=O)([O-])c1ccc(/N=N/c2c(O)ccc3cc(S(=O)(=O)[O-])ccc23)cc1,100.22339582542502
CSC1=N[C@@](C)(c2ccccc2)C(=O)N1Nc1ccccc1,35.388272716519985
CC12CCC(C1)C(C)(C)C2O,4.35364840145376
COP(=S)(OC)Oc1ccc([N+](=O)[O-])c(C)c1,97.73862450649104
CC(C)OC(=O)C(C)(C)Oc1ccc(C(=O)c2ccc(Cl)cc2)cc1,27.487958983933314
CCOC(=O)NCCOc1ccc(Oc2ccccc2)cc1,76.91546795356832
COP(=S)(OC)Oc1ccc(SC)c(C)c1,94.30564863406956
CN(C)C(=O)Nc1ccccc1,7.996790069580603
N#Cc1nn(-c2c(Cl)cc(C(F)(F)F)cc2Cl)c(N)c1[S+]([O-])C(F)(F)F,59.126001380685175
O=c1cc(-c2ccccc2)oc2ccccc12,92.23253048792247
O=[N+]([O-])c1cc(C(F)(F)F)c(Cl)c([N+](=O)[O-])c1Nc1ncc(C(F)(F)F)cc1Cl,105.73100307737622
OC(Cn1cncn1)(Cn1cncn1)c1ccc(F)cc1F,12.91188090299445
CC(C)N(C(=O)COc1nnc(C(F)(F)F)s1)c1ccc(F)cc1,63.99963938436915
O=C(NC(=O)c1c(F)cccc1F)Nc1ccc(Oc2ccc(C(F)(F)F)cc2Cl)cc1F,22.03831148902371
CCOC(=O)COc1cc(-n2ncc(C(F)(F)F)c(C)c2=O)c(F)cc1Cl,28.854865103854035
CCN(Cc1c(F)cccc1Cl)c1c([N+](=O)[O-])cc(C(F)(F)F)cc1[N+](=O)[O-],58.7883447311908
C#CCN1C(=O)COc2cc(F)c(N3C(=O)C4=C(CCCC4)C3=O)cc21,81.61209505761457
CN(C)C(=O)Nc1cccc(C(F)(F)F)c1,49.25869171013888
OCCC(F)(F)C(F)(F)C(F)(F)C(F)(F)C(F)(F)C(F)(F)C(F)(F)C(F)(F)F,49.421468025673974
CO/N=C(/C1=NOCCO1)c1ccccc1Oc1ncnc(Oc2ccccc2Cl)c1F,86.13271648431392
Nc1c(Cl)c(F)nc(OCC(=O)O)c1Cl,84.80579229883033
CCCCCCC(C)OC(=O)COc1nc(F)c(Cl)c(N)c1Cl,81.78640055329016
C[Si](Cn1cncn1)(c1ccc(F)cc1)c1ccc(F)cc1,49.618539228075065
CC(C)C(=O)Nc1ccc([N+](=O)[O-])c(C(F)(F)F)c1,31.656042818355598
CC(C)Oc1cccc(NC(=O)c2ccccc2C(F)(F)F)c1,73.068226802197
CS(=O)(=O)NC(=O)c1cc(Oc2ccc(C(F)(F)F)cc2Cl)ccc1[N+](=O)[O-],94.70094255766261
O=C(Nc1ccccc1)Nc1ccnc(Cl)c1,50.44961490479346
C=O,14.091641542209903
NC=O,4.752839618630775
Cc1oc2c(NC(=O)c3c(Cl)cccc3Cl)cccc2c1C(C)(C)O,94.97816569374284
O=C(O)/C=C/C(=O)O,7.707475158183466
CCCOC(=O)c1cc(O)c(O)c(O)c1,102.8929106888701
O=C1CCCO1,12.025440521974252
CCC1CCC(=O)O1,42.746289306482886
CCCC1CCC(=O)O1,15.263380040480204
CCCCCC1CCC(=O)O1,16.83903919651862
CC(=O)OC/C=C(\C)CCC=C(C)C,23.98873732486987
C=C1C[C@]23C[C@]1(O)CCC2[C@@]12C=C[C@H](O)[C@@](C)(C(=O)O1)C2[C@@H]3C(=O)O,-4.013283336407839
CCCCCCCC(=O)OCC(O)CO,35.321367065780656
CCCCCCCCC=CCCCCCCCC(=O)OCC(O)CO,72.565074690421
CCCCCCC(O)CC=CCCCCCCCC(=O)OCC(O)CO,80.75107787605046
CCCCCCCCCCCCCCCCCC(=O)OCC(O)CO,13.949410982059272
OCC1CO1,3.6525601917938304
CCCCCCCCCc1ccc(OCCO)cc1,44.11213569532739
O=C1NC2NC(=O)NC2N1,7.752231635140661
CCCCCCC(CCCCCCCCCCC(=O)OCC(COC(C)=O)OC(C)=O)OC(C)=O,17.251888387810524
N#Cc1ccc(N(CC(N)=O)CC(F)(F)F)cc1C(F)(F)F,22.87111867609232
CCN(C(=O)c1cc(C)cc(OC[C@H](C)Nc2ccncc2)c1)C(C)C,10.397198768538352
ClC1=C(Cl)[C@]2(Cl)C3C([C@@H]4O[C@@H]4[C@@H]3Cl)C1(Cl)C2(Cl)Cl,-13.818938702650422
CCCCCCC=O,34.244364041239606
CCCCCCC(=O)O,44.27773394577346
CCCCCCC(=O)c1ccccc1,41.48067099788029
CCCCCCCOC(=O)CCC,15.87531431493878
CCCCCCCOC(=O)c1ccc(O)cc1,100.61975558605918
ClC(Cl)=C(Cl)C(Cl)=C(Cl)Cl,93.2648670408552
ClC1=C(Cl)C(Cl)(Cl)C(Cl)=C1Cl,97.3816596051386
CCCCC(O)(Cn1cncn1)c1ccc(Cl)cc1Cl,65.84281426265414
CCCCCCCCCCCCCCCC,7.357522851853877
CCCCCCCCCCCCCCCC(=O)O,60.60396580191852
O=C(NC(=O)c1c(F)cccc1F)Nc1cc(Cl)c(OC(F)(F)C(F)F)c(Cl)c1,-8.820754388840093
O=C(OCCCCCCOC(=O)c1ccccc1)c1ccccc1,21.81716824239705
N#CCCCCC#N,13.813855403642446
O=C(O)CCCCC(=O)O,12.181078408143483
CCCC(CC)COC(=O)CCCCCC(=O)OCC(C)C(C)CC,13.40446566925512
CCCCCC(=O)O,17.436439975270716
CN(C)c1nc(=O)n(C2CCCCC2)c(=O)n1C,21.98548107688124
CCCCCCOC(=O)c1ccccc1,48.665410038502756
C[C@H]1[C@H](c2ccc(Cl)cc2)SC(=O)N1C(=O)NC1CCCCC1,52.86473892832496
NS(=O)(=O)c1cc2c(cc1Cl)NCNS2(=O)=O,-1.729759904350197
Oc1ccc(O)cc1,20.694212323462693
COc1ccc(OC)cc1,18.423648391213305
CC(CC=O)CCCC(C)(C)O,28.07633034517545
CC(C)(O)C(=O)Nc1ccc([N+](=O)[O-])c(C(F)(F)F)c1,34.02934122188576
CCC(C)OC(=O)N1CCCCC1CCO,14.678006760170575
CC(C)CCCCCCc1ccc(OCCOCCO)cc1,9.798541049798509
COC(=O)c1ccc(C)cc1C1=NC(C)(C(C)C)C(=O)N1,12.821302012455584
Cc1cnc(C2=NC(=O)C(C)(C(C)C)N2)c(C(=O)O)c1,12.215379986035888
CC(C)C1(C)N=C(c2nc3ccccc3cc2C(=O)O)NC1=O,13.81133208446525
CCc1cnc(C2=NC(C)(C(C)C)C(=O)N2)c(C(=O)O)c1,9.438657232150044
c1c[nH]cn1,7.703306080777816
O=C(NCNC(=O)NC1C(=O)NC(=O)N1CO)NC1C(=O)NC(=O)N1CO,20.681223368252027
[As]#[In],-13.352962868277364
COC(=O)N(C(=O)N1CO[C@@]2(C(=O)OC)Cc3cc(Cl)ccc3C2=N1)c1ccc(OC(F)(F)F)cc1,38.288954328261916
O=C(N[C@@H](Cc1ccccc1)[C@@H](O)C(=O)N1C[C@@H](O)[C@@H](O)C1)c1cc2cc(Cl)ccc2[nH]1,48.76720820226213
COC(=O)c1ccc(I)cc1S(=O)(=O)[N-]C(=O)Nc1nc(C)nc(OC)n1,89.4315362326533
CCC(Cc1c(I)cc(I)c(N)c1I)C(=O)O,102.68493976835093
CCOP(=S)(OCC)Oc1nc(Cl)n(C(C)C)n1,72.00908276708464
CC1(C)[C@@H]2CC[C@@]1(C)[C@H](O)C2,-5.506891764974706
CC(=O)O[C@H]1C[C@@H]2CC[C@@]1(C)C2(C)C,12.955159959129038
CCC(=O)O[C@@H]1CC2CC[C@]1(C)C2(C)C,11.060861670894846
CC=Cc1ccc(O)c(OC)c1,86.59643819776197
NNC(=O)c1ccncc1,71.84700670424371
CC(C)CCCCCCCCCCCCCCC(=O)O,94.73994265505665
C=CC(=O)OCCCCCC(C)C,18.753234324602616
CC(=O)OC(C)C,9.275816973872226
CC(C)OC=O,12.638879426429668
CCCCCCCCCCCCCC(=O)OC(C)C,8.855961092229927
Cc1ccc(C(C)C)cc1O,80.65593380349354
CCC(C)(CC)c1cc(NC(=O)c2c(OC)cccc2OC)on1,75.6985344355784
CO/N=C(/C(=O)OC)c1ccccc1COc1ccccc1C,93.58929667757874
O=C(O)[C@H](O)[C@@H](O)C(=O)O,16.50443991111952
CCOC(=O)C(C)OC(=O)c1cc(Oc2ccc(C(F)(F)F)cc2Cl)ccc1[N+](=O)[O-],53.770624460260855
OC[C@H]1O[C@@H](O[C@H]2[C@H](O)[C@@H](O)[C@H](O)O[C@@H]2CO)[C@H](O)[C@@H](O)[C@H]1O,7.181337276214573
CC1(C)[C@H](/C=C(\Cl)C(F)(F)F)[C@@H]1C(=O)O[C@@H](C#N)c1cccc(Oc2ccccc2)c1,56.295851440792106
CC(C)=CCC[C@](C)(O)[C@@H]1CC=C(C)CC1,39.50908461539311
C#C[C@]1(O)CCC2C3CCC4=CC(=O)CCC4C3CC[C@@]21CC,17.733980942357796
C=CC(C)(O)CCC=C(C)C,16.60190862669347
C=CC(C)(CCC=C(C)C)OC(C)=O,16.351924808659984
CCCCC/C=C\C/C=C\CCCCCCCC(=O)O,81.48263239614772
CON(C)C(=O)Nc1ccc(Cl)c(Cl)c1,59.78661755254191
Cc1cccc(O)c1,32.24338624809715
Cc1cccc(C)c1,30.521454463920602
O=C([O-])c1ccccc1,26.53669206673982
CCOC(=O)CC(SP(=S)(OC)OC)C(=O)OCC,74.30192917676563
O=C(O)/C=C\C(=O)O,10.087384491728445
O=c1ccc(=O)[nH][nH]1,13.445981664622082
O=C(O)CC(O)C(=O)O,-14.593738831146426
S=C([S-])NCCNC(=S)[S-],50.01441309077409
S=C([S-])NCCNC(=S)[S-],50.0144131573667
CCCCC(CC)COC(=O)c1ccccc1C(=O)O,95.10011828831479
Cc1ccccc1C(=O)Nc1cccc(OC(C)C)c1,59.628003633570884
CC[C@H](c1ccc(O)cc1)[C@@H](CC)c1ccc(O)cc1,101.32195085298804
CS(=O)(=O)c1ccc(C(=O)C2C(=O)CCCC2=O)c([N+](=O)[O-])c1,71.50280999740717
COCC(=O)N(c1c(C)cccc1C)C(C)C(=O)OC,22.858630786910577
CC1(C)CCC(Cc2ccc(Cl)cc2)C1(O)Cn1cncn1,29.884368572422
C=C(C)C(N)=O,9.968001015475474
C=C(C)C#N,4.087089937593567
CCC(=O)C(CC(C)N(C)C)(c1ccccc1)c1ccccc1,-1.390496343701046
COP(N)(=O)SC,20.70134849443643
C1N2CN3CN1CN(C2)C3,17.866911940786796
COc1nn(CSP(=S)(OC)OC)c(=O)s1,72.36809020792727
Cn1cc[nH]c1=S,55.465011630665614
CNC(=O)ON=C(C)SC,18.77217407963517
COc1ccc(C(c2ccc(OC)cc2)C(Cl)(Cl)Cl)cc1,24.512741129396694
COc1cccc(C(=O)NN(C(=O)c2cc(C)cc(C)c2)C(C)(C)C)c1C,82.41923208511113
COC(=O)c1c(C)cc(O)c(C)c1O,94.58892669854862
CCCCCCCCCC(=O)OC,22.278266970633595
CCCCCC1C(=O)CCC1CC(=O)OC,20.896377316483797
CCCCCCCCCCCC(=O)OC,31.037891272884007
CCCCCCCC(=O)OC,13.626972265676581
COP(=S)(OC)Oc1ccc([N+](=O)[O-])cc1,92.78713171220797
CN(C)c1ccc(/N=N/c2ccccc2C(=O)O)cc1,103.87950758646848
COC(=O)c1ccccc1O,34.332181415388966
CC(=O)C=Cc1ccccc1,26.67543212379339
CN(C)c1ccc2nc3ccc(N(C)C)cc3[s+]c2c1,51.31551951000005
C=CCc1ccc(OC)c(OC)c1,56.10663726144993
CCC(=O)C=CC1C(C)=CCCC1(C)C,49.36716048208998
COC(=O)c1ccc(O)cc1,55.23474478853257
CSc1nnc(C(C)(C)C)c(=O)n1N,14.602562729346111
ClC1(Cl)C2(Cl)C3(Cl)C4(Cl)C(Cl)(Cl)C5(Cl)C3(Cl)C1(Cl)C5(Cl)C24Cl,24.54993338563963
CCCCc1ccc2c(n1)[C@@H](c1ccc(OC)cc1C[C@H](C)C(=O)[O-])[C@H](C(=O)[O-])[C@H]2c1ccc2c(c1)OCO2,68.01503302041421
CCn1nc(Cc2ccccc2)cc1C1CCN(C[C@H]2C[C@H](N(C)[C@@H](C(=O)O)C(C)C)C[C@@H]2c2cccc(F)c2)CC1,11.727550078984164
CO[C@@H]1COCC[C@@H]1[NH2+][C@@H]1CC[C@@](C(=O)N2CCc3ncc(C(F)(F)F)cc3C2)(C(C)C)C1,18.580853648216827
CCSC(=O)N1CCCCCC1,11.795886008336934
O=C(C(Cl)Cl)N1CCOC12CCCCC2,10.155955040854735
CNC(=O)/C=C(\C)OP(=O)(OC)OC,9.163161460137726
COC(=O)c1ccccc1C(=O)O,19.34531737755129
O=C([O-])c1ccccc1C(=O)O,78.98602828465023
CCCCCCCCCCCCCOP(=O)(O)O,104.60458936156407
CN(C)C(=O)Nc1ccc(Cl)cc1,14.857159410096418
C1COCCN1,0.04000521832380599
CCC(=O)Nc1ccc(Cl)c(Cl)c1,55.75707403418007
O=C(NC(=O)c1c(F)cccc1F)Nc1cc(Cl)c(OC(F)(F)C(F)C(F)(F)F)cc1Cl,76.4340294509271
CCCCNS(=O)(=O)c1ccccc1,18.316382968800426
CCCCCCCCCCCC(=O)N(C)CC(=O)O,83.12381351145035
CCNS(=O)(=O)C(F)(F)C(F)(F)C(F)(F)C(F)(F)C(F)(F)C(F)(F)C(F)(F)C(F)(F)F,89.67727723088002
CN1CCCC1=O,6.380780959141438
CNC(C)=O,19.994758601238612
CN(N=O)C(N)=O,0.20512698763322798
CCCN(CCC)N=O,8.967375617581729
CCN(CC)N=O,5.459683121334701
CN(C)N=O,-9.561452213386362
O=NN(c1ccccc1)c1ccccc1,88.50766971869393
Nc1ccc(Nc2ccccc2)cc1,93.11978353079388
CCN(CC)CCO,10.260718448160272
CCCCCCCCCC[N+](C)(C)[O-],9.24624016269606
CCCCCCCC(=O)N(C)C,13.827884491176361
O=CNC(N1CCN(C(NC=O)C(Cl)(Cl)Cl)CC1)C(Cl)(Cl)Cl,-3.3074239420018077
CCCCNC(=S)NCCCC,19.76385025690052
CCNC(=S)NCC,7.9190023864906625
C=CC(=O)NCNC(=O)C=C,46.319661732252676
c1ccc2ccccc2c1,34.30971169200697
COc1ccc(S(=O)(=O)N2C(=O)[C@@](c3ccccc3OC)(N3C[C@H](O)C[C@H]3C(=O)N(C)C)c3cc(Cl)ccc32)c(OC)c1,24.8167072372738
CCC(C)(CCC(C)C)C(=O)O,34.77578052342714
C=CC(C)(O)CCC=C(C)CCC=C(C)C,69.30190607321684
COc1cc(OC)nc(NC(=O)NS(=O)(=O)c2ncccc2C(=O)N(C)C)n1,17.688538939328005
O=C(O)c1cccnc1,9.639935398354426
Clc1cccc(C(Cl)(Cl)Cl)n1,76.85794413763882
O=C(O)CN(CC(=O)O)CC(=O)O,4.40983108641947
O=[N+]([O-])c1ccccc1,48.999336609177526
O=[N+]([O-])c1ccc(Oc2ccc(Cl)cc2Cl)cc1,71.65047480087827
CCCCCCCCC,3.2718705083982385
O=C(O)CCCCCCCC(=O)O,23.54491261669316
CCCCCCCCC(=O)O,90.93351233204592
CC(Cc1ccc(O)c(O)c1)C(C)Cc1ccc(O)c(O)c1,106.32379054370212
C#C[C@]1(O)CCC2C3CCC4=CC(=O)CCC4C3CC[C@@]21C,16.54073295777566
CNc1cnn(-c2cccc(C(F)(F)F)c2)c(=O)c1Cl,48.461027792185924
Cc1cc(N=Nc2ccccc2C)ccc1N,110.21102064314067
Cc1ccccc1O,48.60479525711214
Clc1ccc(C(c2ccccc2Cl)C(Cl)(Cl)Cl)cc1,23.484720864570697
CCCCCCCCOc1ccc(C(=O)c2ccccc2)c(O)c1,92.68548137469341
C[Si]1(C)O[Si](C)(C)O[Si](C)(C)O[Si](C)(C)O1,1.3259620667400493
CCCCCCCC=O,21.890158824367507
CCCCCCCC(=O)O,77.02324405025635
CCCCCCCCn1sccc1=O,42.705877804071704
CC(C)(C)CC(C)(C)c1ccc(O)c(-n2nc3ccccc3n2)c1,51.172146745342886
CCCCCCCCOC(C)=O,16.743104955521897
CCCCCCCCCCOC(=O)c1ccccc1C(=O)OCCCCCCCC,20.785553315909354
CCCCCCCCOC(=O)c1ccc(O)cc1,98.24407490709864
CCCCCCCC/C=C\CCCCCCCC(=O)O,91.91068763184158
O=C(O)C(=O)O,17.079249823509368
CNC(=O)ON=C(SC)C(=O)N(C)C,23.84843819978115
O=C1Nc2ccc(Cl)cc2C(c2ccccc2)=NC1O,29.59943244481615
CCOc1cc(Oc2ccc(C(F)(F)F)cc2Cl)ccc1[N+](=O)[O-],63.90530271341345
Clc1ccc(C(c2ccc(Cl)cc2)C(Cl)Cl)cc1,19.657796165669186
ClC(Cl)=C(c1ccc(Cl)cc1)c1ccc(Cl)cc1,27.16246930494424
CC(C)(C)[C@@H](O)[C@@H](Cc1ccc(Cl)cc1)n1cncn1,31.128385765787588
CCOP(=O)(OCC)Oc1ccc([N+](=O)[O-])cc1,92.46150142007497
CCOP(=S)(OCC)Oc1ccc([N+](=O)[O-])cc1,87.79376931806283
CCC(CC)Nc1c([N+](=O)[O-])cc(C)c(C)c1[N+](=O)[O-],105.26645147041741
COc1cnc(OC)n2nc(NS(=O)(=O)c3c(OCC(F)F)cccc3C(F)(F)F)nc12,28.10173063813928
O=[N+]([O-])c1c(Cl)c(Cl)c(Cl)c(Cl)c1Cl,71.52045440386449
CCCCCCCCCCCCCCC,7.100076517170839
O=[N+]([O-])OCC(CO[N+](=O)[O-])(CO[N+](=O)[O-])CO[N+](=O)[O-],-0.2503476891868098
CCCCC=O,10.896582413136766
O=C(OCCCCCOC(=O)c1ccccc1)c1ccccc1,22.105214221107264
CCCCC(=O)O,21.475766891532512
CCCCCOC(C)=O,30.22317964966193
O=C(O)C(F)(F)C(F)(F)C(F)(F)C(F)(F)C(F)(F)C(F)(F)C(F)(F)C(F)(F)C(F)(F)F,103.07587103980919
O=C(O)C(F)(F)C(F)(F)C(F)(F)C(F)(F)C(F)(F)C(F)(F)F,101.25670302747908
O=C(O)C(F)(F)C(F)(F)C(F)(F)C(F)(F)C(F)(F)F,98.3804728914785
O=C(O)C(F)(F)C(F)(F)C(F)(F)C(F)(F)C(F)(F)C(F)(F)C(F)(F)C(F)(F)F,103.20296401538835
NS(=O)(=O)C(F)(F)C(F)(F)C(F)(F)C(F)(F)C(F)(F)C(F)(F)C(F)(F)C(F)(F)F,102.31242868322606
O=S(=O)(O)C(F)(F)C(F)(F)C(F)(F)C(F)(F)C(F)(F)C(F)(F)C(F)(F)C(F)(F)F,104.39041527408101
O=C(O)C(F)(F)C(F)(F)C(F)(F)C(F)(F)C(F)(F)C(F)(F)C(F)(F)F,102.73036886359945
O=C(O)C(F)(F)C(F)(F)C(F)(F)C(F)(F)C(F)(F)C(F)(F)C(F)(F)C(F)(F)C(F)(F)C(F)(F)F,101.63671339513205
CC1(C)C(C=C(Cl)Cl)C1C(=O)OCc1cccc(Oc2ccccc2)c1,31.93005209389056
COc1ccc(/C=C/S(=O)(=O)[N-]C(=O)c2ccc(C)cc2Cl)cc1,88.59385543088658
COC(=O)Nc1cccc(OC(=O)Nc2cccc(C)c2)c1,43.39528627770308
CCC1(c2ccccc2)C(=O)N=C([O-])NC1=O,9.149341764759754
Oc1ccccc1,12.864274914692134
O=S1(=O)OC(c2ccc(O)cc2)(c2ccc(O)cc2)c2ccccc21,101.68856316689305
O=C1OC(c2ccc(O)cc2)(c2ccc(O)cc2)c2ccccc21,100.07335909969214
O=C(O)c1ccccc1C(c1ccc(O)cc1)c1ccc(O)cc1,96.9220868417194
O=S(=O)(O)c1ccccc1O,21.65042613855982
ClP(Cl)c1ccccc1,14.066472496617271
O=C(Oc1ccccc1)c1ccccc1O,95.77695323418759
O=CCc1ccccc1,52.876427565696396
CC(=O)[O-].[Hg+]c1ccccc1,6.485899690008546
O=C(Oc1ccccc1)c1ccc(O)cc1,104.66328450403589
CCOP(=S)(OCC)SCSCC,77.10840756283164
CCOP(=S)(OCC)SCn1c(=O)oc2cc(Cl)ccc21,43.04639343076391
COP(=S)(OC)SCN1C(=O)c2ccccc2C1=O,56.140757416290775
O=P(O)(O)O,14.850634622608952
CCOP(=S)(OCC)ON=C(C#N)c1ccccc1,97.97288990343765
O=C1NC(=O)c2ccccc21,17.706373748301708
Nc1c(Cl)c(Cl)nc(C(=O)O)c1Cl,59.1217978237611
CCc1ccc(CCOc2ccc(CC3SC(=O)NC3=O)cc2)nc1,86.7943561847985
CS(=O)(=O)c1ccc([C@@H](C[C@H]2CCC(=O)C2)C(=O)Nc2cnccn2)cc1Cl,10.015029568361536
Cc1nc(N(C)C)nc(OC(=O)N(C)C)c1C,23.345834127241094
CCCCCCCC/C=C\CCCCCCCC(=O)OCCO,52.006096658403166
C[Si](C)=O,70.7353325872616
CC(O)COC(C)CO,7.578824745526258
[O-][Cl+2]([O-])[O-],5.554264623769744
O=S(=O)([O-])C(F)(F)C(F)(F)C(F)(F)C(F)(F)F,98.14674007347205
O=S(=O)([O-])C(F)(F)C(F)(F)C(F)(F)C(F)(F)C(F)(F)C(F)(F)F,103.01590343185651
O=S(=O)([O-])C(F)(F)C(F)(F)C(F)(F)C(F)(F)C(F)(F)C(F)(F)C(F)(F)C(F)(F)F,104.43001010992099
CC[C@H](C)C(=O)O[C@H]1C[C@H](O)C=C2C=C[C@H](C)[C@H](CC[C@@H](O)C[C@@H](O)CC(=O)[O-])[C@H]21,2.61140952244917
CC(=O)[C@H]1[C@H](C#N)CC2C3CC=C4C[C@@H](O)CC[C@]4(C)C3CC[C@@]21C,-19.925613133719786
CC12CC1(C)C(=O)N(c1cc(Cl)cc(Cl)c1)C2=O,50.67691163698343
CCCSP(=O)(OCC)Oc1ccc(Br)cc1Cl,96.84747298672323
CC(=O)[C@H]1CCC2C3CCC4=CC(=O)CC[C@]4(C)C3CC[C@@]21C,15.466104684627323
CCCOC(=O)NCCCN(C)C,18.247933028212945
C#CCOS(=O)OC1CCCCC1Oc1ccc(C(C)(C)C)cc1,49.10192965871668
CCNP(=S)(OC)O/C(C)=C/C(=O)OC(C)C,73.19094064072083
CC(C)c1cccc(C(C)C)c1O,62.85043946242851
CNC(=O)Oc1ccccc1OC(C)C,15.94842794575341
CC1COC(=O)O1,12.401209695184773
CCCOC(=O)c1ccc(O)cc1,96.29335498629447
C#CC(C)(C)NC(=O)c1cc(Cl)cc(Cl)c1,64.61315461149898
CC1=NNC(=O)N(/N=C/c2cccnc2)C1,5.568425449630474
O=C(O)C1=NN(c2ccc(S(=O)(=O)O)cc2)C(=O)C1,35.21390598905637
CCc1nc(N)nc(N)c1-c1ccc(Cl)cc1,44.63184426447796
CC(COc1ccc(Oc2ccccc2)cc1)Oc1ccccn1,47.88849720085061
COc1cc(OC)nc(Sc2cccc(Cl)c2C(=O)[O-])n1,68.38811475475251
O=C(O)c1c(Cl)ccc2cc(Cl)cnc12,23.929259900205366
c1ccc2ncccc2c1,35.047796557046375
C=C(C)[C@@H]1CC=C(C)C(=O)C1,23.017265106788827
CC/N=c1\cc2oc3cc(NCC)c(C)cc3c(-c3ccccc3C(=O)OCC)c-2cc1C,89.39768054998402
O=C(CCCCCCCCc1cccnc1)N1CCC(C=C(c2ccccc2)c2ccccc2)CC1,-29.75614340037694
Cn1c([N+](=O)[O-])cnc1COC(N)=O,12.230163281335898
CC(C)Nc1nc(N)nc(Cl)n1,17.664840999903767
O=C(O)c1ccccc1O,53.18219084012796
CCOC(=O)c1ccc([C@H]2CC[C@H](NC[C@H](O)COc3ccc(O)c(NS(C)(=O)=O)c3)CC2)cc1,61.93067716311686
Cc1nc(-c2ccc3c(c2)CCN(CCC2CCC(NC(=O)/C=C/c4ccc(F)cc4)CC2)CC3)no1,-18.680576457529632
CCC/C(=N\OCC)C1=C(O)CC(CC(C)SCC)CC1=O,54.7986412800758
[O-]n1ccccc1=S,9.703094826414558
CC(C)COC(=O)CC(C(=O)OCC(C)C)S(=O)(=O)[O-],68.93127803441574
[S-]c1nc2ccccc2s1,95.5628504738515
Cc1ccccc1S(=O)(=O)[O-],13.205141594150197
Cc1ccc(C)c(S(=O)(=O)[O-])c1,33.21402013813941
Cc1ccc(S(=O)(=O)[O-])cc1,15.562764612420864
CCCCCCCCc1ccc(S(=O)(=O)[O-])cc1,100.9830146370427
[N-]=[N+]=[N-],5.491109942893593
[O-][Cl+][O-],6.028344564735657
O=C([O-])CCl,8.47315909866815
CCCCCCCCCCOS(=O)(=O)[O-],99.93919000659635
CC1=CC(=O)/C(=C(\C)[O-])C(=O)O1,40.92368978425658
O=c1nc([O-])n(Cl)c(=O)n1Cl,14.845915268285621
O=c1nc([O-])n(Cl)c(=O)n1Cl,14.845915303874937
CN(C)C(=S)[S-],40.01029783785231
CCCCCCCCCCCCOS(=O)(=O)[O-],103.14070476728597
CCCCCCCCCCCCc1ccccc1S(=O)(=O)[O-],101.61205122365568
CCCCC(CC)COS(=O)(=O)[O-],80.15304294502342
O=C([O-])CF,9.185787508438011
CCCCCCCCCCCCCCCCOS(=O)(=O)[O-],82.01702940106215
Cc1ccc(S(=O)(=O)[O-])c(C)c1,27.496126559778336
C=C(C)C(=O)[O-],3.7439583581234173
COS(=O)(=O)[O-],11.655617621282387
CCCCCCCCCCCCCCOS(=O)(=O)[O-],97.70119522854316
F[B-](F)(F)F,7.986283942890379
O=C([O-])C(Cl)(Cl)Cl,5.074706139698753
CCCCCCCCCCCCCOS(=O)(=O)[O-],101.90945368616171
Cc1ccc(S(=O)(=O)[O-])cc1C,21.10425468065308
CCC(C)(C)C(=O)OC1=C(c2ccc(Cl)cc2Cl)C(=O)OC12CCCCC2,46.50088998380428
CC(=O)S[C@@H]1CC2=CC(=O)CC[C@]2(C)C2CC[C@@]3(C)C(CC[C@@]34CCC(=O)O4)C21,-2.251172731230947
CCCN(CC)CC1COC2(CCC(C(C)(C)C)CC2)O1,17.984405601034645
O=C(NC(c1ccccc1)C1CN2CCC1CC2)c1c(Cl)ccc(C(F)(F)F)c1Cl,-38.52803319356414
O=C(N[C@@H](c1ccccc1)[C@@H]1CCCCN1)c1cccc(C(F)(F)F)c1Cl,5.950158548189141
COc1cc(C(C)C)c2c(c1)S(=O)(=O)N(COc1cc(=O)n3cccc(OCCN4CCCCC4)c3n1)C2=O,19.595492326571023
OCC(O)c1ccccc1,9.220278537221269
OC[C@H]1O[C@@](CO)(O[C@H]2O[C@H](CO)[C@@H](O)[C@H](O)[C@H]2O)[C@@H](O)[C@@H]1O,8.392076301201982
NS(=O)(=O)O,44.737362021416885
O=C(O)CC(C(=O)O)S(=O)(=O)O,6.8207761145478125
COc1cc(O)c(C(=O)c2ccccc2)cc1S(=O)(=O)O,80.59518272123402
O=c1n(Cl)c(=O)n(Cl)c(=O)n1Cl,25.582274728329725
O=C(OCC1OC(OC(=O)c2cc(O)c(O)c(OC(=O)c3cc(O)c(O)c(O)c3)c2)C(OC(=O)c2cc(O)c(O)c(OC(=O)c3cc(O)c(O)c(O)c3)c2)C(OC(=O)c2cc(O)c(O)c(OC(=O)c3cc(O)c(O)c(O)c3)c2)C1OC(=O)c1cc(O)c(O)c(OC(=O)c2cc(O)c(O)c(O)c2)c1)c1cc(O)c(O)c(OC(=O)c2cc(O)c(O)c(O)c2)c1,89.38223618444621
CC(C)(C)C(O)(CCc1ccc(Cl)cc1)Cn1cncn1,25.91959581806626
CCc1nn(C)c(C(=O)NCc2ccc(C(C)(C)C)cc2)c1Cl,24.493667352171645
COP(=S)(OC)Oc1ccc(Sc2ccc(OP(=S)(OC)OC)cc2)cc1,98.91017020305095
CCC(=NOC/C=C/Cl)C1=C(O)CC(C2CCOCC2)CC1=O,15.800518275142277
Cc1[nH]c(=O)n(C(C)(C)C)c(=O)c1Cl,14.352345519388699
CCOP(=S)(OCC)SCSC(C)(C)C,75.12039404824709
CCNc1nc(Cl)nc(NC(C)(C)C)n1,56.24707834723237
CC1=CCC(C(C)(C)O)CC1,4.401422350563225
CC1=CCC(=C(C)C)CC1,19.868789570821203
CCC(=O)OC(C)(C)C1CC=C(C)CC1,13.270124437945531
CC(=O)OC(C)(C)C,0.027108137144714918
CC(C)(C)OOC(=O)c1ccccc1,21.722457539115435
CC(C)(C)N,10.33288188151193
CC(C)(C)c1ccccc1,0.8798692484887343
CCCCCCC(C)(C)S,12.812936481600037
CCC(=O)O[C@H]1CC[C@H]2[C@@H]3CCC4=CC(=O)CC[C@]4(C)[C@H]3CC[C@]12C,29.998908581261365
O=C(O)Cc1cc(I)c(Oc2cc(I)c(O)c(I)c2)c(I)c1,104.46196903680226
FC(F)C(F)(F)OCC(Cn1cncn1)c1ccc(Cl)cc1Cl,69.43053946324684
CCN(CC)C(=S)SSC(=S)N(CC)CC,56.20107749848485
OCC1CCCO1,7.807118468995645
c1ccc2c(c1)CCCC2,10.378642807753149
CC(C)=CC1C(C(=O)OCN2C(=O)C3=C(CCCC3)C2=O)C1(C)C,27.0667397138677
CCCO[Si](OCCC)(OCCC)OCCC,10.424837808158546
O=C1CCC(N2C(=O)c3ccccc3C2=O)C(=O)N1,-5.982554420262361
Cn1c(=O)c2[nH]cnc2n(C)c1=O,11.195997480823081
c1ccc2[nH]c(-c3cscn3)nc2c1,24.111665912389757
CN1COCN(Cc2cnc(Cl)s2)C1=N[N+](=O)[O-],3.7712324865996885
COC(=O)c1c(C(F)F)nc(C(F)(F)F)c(C2=NCCS2)c1CC(C)C,26.322322307995158
O=C(Nc1ccccc1)Nc1cnns1,45.11665634204056
CCN(CC)C(=O)SCc1ccc(Cl)cc1,41.48674566228305
NNC(=S)NN,34.84476289138072
CSC(C)=NOC(=O)N(C)SN(C)C(=O)ON=C(C)SC,66.67218992429171
CCOC(=O)NC(=S)Nc1ccccc1NC(=S)NC(=O)OCC,41.284900166440885
COC(=O)NC(=S)Nc1ccccc1NC(=S)NC(=O)OC,44.07869329685598
Cc1cc(Cl)ccc1OCCCC(=O)O,97.82105268703592
Cc1ccc(C(C)C)c(O)c1,61.29321344931816
O=C(O)Cc1cc(I)c(Oc2ccc(O)c(I)c2)c(I)c1,105.25538252998673
Cc1ccc(S(=O)(=O)NC(=O)NN2CCCCCC2)cc1,12.368870119883772
Cc1cccc2n[nH]nc12,42.568975243966456
CC(=O)c1cc2c(cc1C)C(C)(C)C(C)CC2(C)C,27.995186211109417
Cc1c(C(=O)c2c[nH]n(C)c2=O)ccc(S(C)(=O)=O)c1C1=NOCC1,9.630660796779226
NC(=O)Cn1c(=O)cc(CCN2CCN(c3nccc4sccc34)CC2)c2ccc(F)cc21,-4.9274981846203865
CCCCCCCCOC(=O)c1ccc(C(=O)OCCCCCCCC)c(C(=O)OCCCCCCCC)c1,8.411244075638441
CC(=O)OCC(COC(C)=O)OC(C)=O,6.758468592891132
CC(C)(C)C(=O)C(Oc1ccc(Cl)cc1)n1cncn1,6.196417050537827
CC(C)(C)C(O)C(Oc1ccc(Cl)cc1)n1cncn1,12.322782281362691
C[C@]12C=CC(=O)C=C1CCC1C3C[C@@H](O)[C@](O)(C(=O)CO)[C@@]3(C)C[C@H](O)[C@@]12F,2.6430815793464806
CCCCSP(=O)(SCCCC)SCCCC,50.83068473565808
CCCCOP(=O)(OCCCC)OCCCC,6.086781007453356
CCCCN(CCCC)CCCC,35.84880972428082
COP(=O)(OC)C(O)C(Cl)(Cl)Cl,25.243829776636343
O=C(O)C(Cl)(Cl)Cl,0.6919020148297034
O=C(O)COc1nc(Cl)c(Cl)cc1Cl,92.24755533373003
Oc1cc(Cl)ccc1Oc1ccc(Cl)cc1Cl,88.7836258834161
OCCN(CCO)CCO,6.179115465567248
CCOC(=O)CC(O)(CC(=O)OCC)C(=O)OCC,12.542130194672701
CCOP(=O)(OCC)OCC,3.7967031083869043
OCCOCCOCCO,3.394751842209829
CCCCC(CC)C(=O)OCCOCCOCCOC(=O)C(CC)CCCC,7.825577173098068
CC(=O)OCCOCCOCCOC(C)=O,9.079895194123164
CO/N=C(/C(=O)OC)c1ccccc1CO/N=C(\C)c1cccc(C(F)(F)F)c1,67.06482352706676
COc1cc(OC)nc(NC(=O)[N-]S(=O)(=O)c2ncccc2OCC(F)(F)F)n1,32.7277363470581
CCCOC/C(=N\c1ccc(Cl)cc1C(F)(F)F)n1ccnc1,89.57534168566876
CCCN(CCC)c1c([N+](=O)[O-])cc(C(F)(F)F)cc1[N+](=O)[O-],78.90671244192194
CC(C)CCCCCCCOC(=O)c1ccc(C(=O)OCCCCCCCC(C)C)c(C(=O)OCCCCCCCC(C)C)c1,30.11101576905662
CC(C)CCCCCCOC(=O)c1ccc(C(=O)OCCCCCCC(C)C)c(C(=O)OCCCCCCC(C)C)c1,17.383013266770757
CO[Si](OC)(OC)c1ccccc1,24.035934422344813
CCC[Si](OC)(OC)OC,11.116301642603213
COP(=O)(OC)OC,4.627439691931617
CN(C)C,2.571363135929632
CCOC(=O)C1CC(=O)C(=C(O)C2CC2)C(=O)C1,16.112127990787542
O=P(Oc1ccccc1)(Oc1ccccc1)Oc1ccccc1,75.18830346751194
c1ccc(OP(Oc2ccccc2)Oc2ccccc2)cc1,30.997545885697676
c1ccc(P(c2ccccc2)c2ccccc2)cc1,20.171421872424006
CC(O)COC(C)COC(C)CO,15.331889892794662
COC(C)COC(C)COC(C)CO,84.5405045616175
O=P(OC(CCl)CCl)(OC(CCl)CCl)OC(CCl)CCl,-1.9779956675197785
CCCCOCCOP(=O)(OCCOCCCC)OCCOCCCC,23.06323473960331
O=P(OCCCl)(OCCCl)OCCCl,-15.225390099907596
ClCCOP(OCCCl)OCCCl,5.40145326211733
CC(CCl)OP(=O)(OC(C)CCl)OC(C)CCl,14.136824818370561
O=P(OCC(Br)CBr)(OCC(Br)CBr)OCC(Br)CBr,20.64141380768904
O=c1n(CC2CO2)c(=O)n(CC2CO2)c(=O)n1CC1CO1,7.321261647568894
Cc1ccccc1OP(=O)(Oc1ccccc1C)Oc1ccccc1C,65.55344035679393
CC1(C)CCC(=Cc2ccc(Cl)cc2)C1(O)Cn1cncn1,19.298605337914804
Cc1c(C)c2c(c(C)c1O)CCC(C)(COc1ccc(CC3SC(=O)NC3=O)cc1)O2,93.85051417556464
COCc1nnc(-c2ccc[n+]([O-])c2)n1-c1c(Cl)c(Cl)cc2[nH]c(=O)c(=O)[nH]c12,4.320702541791538
CCCOc1ccc(S(=O)(=O)N2CCN(CC)CC2)cc1-c1nc2c(CC)n(Cc3ccccn3)nc2c(=O)[nH]1,18.999222297022747
CSc1ccc(Oc2ccc(S(N)(=O)=O)cc2CN(C)C)cc1C,17.81536426475298
CCCCCCCCCCC,4.862934428431675
CCOC(N)=O,24.132440177492217
C=CN1CCCC1=O,-13.532424842573537
COc1cccc([C@H](O)C2CCN(CCc3ccc(F)cc3)CC2)c1OC,-14.322918534518697
CC(=O)CC(c1ccccc1)c1c(O)c2ccccc2oc1=O,88.96148577583975
C[C@H]1CCCC(=O)CCC/C=C/c2cc(O)cc(O)c2C(=O)O1,33.360674875013494
O=C(O)Cn1c(=O)n(Cc2ccc(Br)cc2F)c(=O)c2ccc(Cl)cc21,57.689817463884964
CN(C)C(=S)[S-],40.501277820755924
